match_id,div,season,kickoff_utc,market,sel,source,ref_pre,ref_close,model,edge,p,price,p_close,won,clv_net,clv_raw,kelly,whitelisted,selected
4348ea892c539110,I2,2025/26,2026-05-08 18:30:00+00:00,1x2,D,BFE,BFE,BFE,lgbd_xg,0.0416637,0.266138,4.1,0.250412,False,-0.0200882,0.0263389,0.1,False,False
2e6d1cc1a5220117,B1,2026/27,2026-08-07 18:45:00+00:00,1x2,D,BFE,BFE,BFE,lgbd_xg,0.0916562,0.159879,7.2,0.12478,False,-0.160168,-0.107118,0.1,False,False
2380adce16f9a663,D2,2026/27,2026-08-08 11:00:00+00:00,1x2,D,BFE,BFE,BFE,lgbd_xg,0.0388132,0.259185,4.2,0.236448,False,-0.0537354,-0.00694328,0.1,False,False
5a0c26548e5f2e7d,N1,2026/27,2026-08-08 14:30:00+00:00,1x2,D,BFE,BFE,BFE,lgbd_xg,0.0343592,0.209046,5.2,0.191719,False,-0.0527389,-0.00306371,0.1,False,False
56ab9b442ff11fb2,N1,2026/27,2026-08-08 18:00:00+00:00,1x2,A,BFE,BFE,BFE,lgbd_xg,0.0722475,0.0783234,14.5,0.0480599,False,-0.418641,-0.361158,0.1,False,False
e15928a611a37062,F2,2026/27,2026-08-08 18:45:00+00:00,1x2,A,BFE,BFE,BFE,lgbd_xg,0.0361832,0.374452,2.88,0.335364,False,-0.074702,-0.0347477,0.1,False,False
de5af6e2e6a8d0b5,N1,2026/27,2026-08-08 19:00:00+00:00,1x2,D,BFE,BFE,BFE,lgbd_xg,0.0216838,0.214639,5,0.181939,False,-0.143835,-0.0946451,0.1,False,False
e22ba28a1936bc96,P1,2026/27,2026-08-08 19:30:00+00:00,1x2,H,BFE,BFE,BFE,lgbd_xg,0.261107,0.0890612,15,0.0886014,False,0.226814,0.284443,0.1,False,False
a06b152db56e98a9,P1,2026/27,2026-08-09 19:30:00+00:00,1x2,A,BFE,BFE,BFE,lgbd_xg,0.163165,0.0493703,25,0.0269314,False,-0.454911,-0.395585,0.1,False,False
10f56c37bc5e859d,T1,2026/27,2026-08-14 18:30:00+00:00,1x2,D,BFE,BFE,BFE,lgbd_xg,0.0561151,0.185283,6,0.191156,True,0.0858003,0.137094,0.1,False,False
598d39db7edcf9bb,E1,2026/27,2026-08-15 14:00:00+00:00,1x2,A,BFE,BFE,BFE,lgbd_xg,0.0490016,0.392414,2.78,0.340024,False,-0.0954628,-0.0562881,0.1,False,False
d19cff106ae403c4,E1,2026/27,2026-08-15 14:00:00+00:00,1x2,D,BFE,BFE,BFE,lgbd_xg,0.0314315,0.190371,5.7,0.219412,False,0.172924,0.223663,0.1,False,False
5084bb7536817781,E2,2026/27,2026-08-15 14:00:00+00:00,1x2,A,BFE,BFE,BFE,lgbd_xg,0.0387564,0.333469,3.25,0.370578,False,0.143537,0.185963,0.1,False,False
3e2c2c0b5028d978,N1,2026/27,2026-08-15 14:30:00+00:00,1x2,D,BFE,BFE,BFE,lgbd_xg,0.0228928,0.233324,4.6,0.207271,False,-0.0957663,-0.0476715,0.1,False,False
38769896478746a5,P1,2026/27,2026-08-15 14:30:00+00:00,1x2,D,BFE,BFE,BFE,lgbd_xg,0.0368837,0.32792,3.3,0.295576,True,-0.0676258,-0.024908,0.1,False,False
888b53048cd82805,B1,2026/27,2026-08-15 16:15:00+00:00,1x2,A,BFE,BFE,BFE,lgbd_xg,0.0351846,0.39277,2.74,0.330276,True,-0.138714,-0.0998674,0.1,False,False
f49e05a839afaf76,N1,2026/27,2026-08-15 18:00:00+00:00,1x2,D,BFE,BFE,BFE,lgbd_xg,0.0324941,0.235514,4.6,0.179373,False,-0.240326,-0.192231,0.1,False,False
dc8e2d7801281e54,N1,2026/27,2026-08-15 19:00:00+00:00,1x2,D,BFE,BFE,BFE,lgbd_xg,0.0568918,0.257653,4.3,0.220048,False,-0.102437,-0.0552966,0.1,False,False
d2b9a117d7c36f1d,SP1,2026/27,2026-08-15 19:30:00+00:00,1x2,A,BFE,BFE,BFE,lgbd_xg,0.0307336,0.307682,3.5,0.300772,False,0.00755683,0.0513595,0.1,False,False
ae4973ce8bed08db,SP1,2026/27,2026-08-16 17:00:00+00:00,1x2,D,BFE,BFE,BFE,lgbd_xg,0.0405249,0.329072,3.3,0.293159,False,-0.0758343,-0.0331166,0.1,False,False
69afc1c6015ef388,F1,2026/27,2026-08-21 18:45:00+00:00,1x2,H,BFE,BFE,BFE,lgbd_xg,0.0204626,0.588774,1.78,0.555542,True,-0.0378422,-0.0111982,0.1,False,False
6822a94dc5519293,E0,2026/27,2026-08-21 19:00:00+00:00,1x2,A,BFE,BFE,BFE,lgbd_xg,0.0653555,0.0627418,18,0.0545681,False,-0.0762693,-0.0179337,0.1,False,False
1d8027f58e74a7ec,E0,2026/27,2026-08-22 11:30:00+00:00,1x2,H,BFE,BFE,BFE,lgbd_xg,0.0538631,0.116013,9.6,0.101544,True,-0.0807482,-0.0254997,0.1,False,False
d2d96047ac17d20c,E1,2026/27,2026-08-22 11:30:00+00:00,1x2,A,BFE,BFE,BFE,lgbd_xg,0.0204283,0.337778,3.15,0.30661,True,-0.0765917,-0.0347771,0.1,False,False
2cd9d8652dbbeebc,E0,2026/27,2026-08-22 14:00:00+00:00,1x2,A,BFE,BFE,BFE,lgbd_xg,0.0738801,0.320561,3.5,0.3041,False,0.0185605,0.0623631,0.1,False,False
5622b3cb4e653d57,E0,2026/27,2026-08-22 14:00:00+00:00,1x2,A,BFE,BFE,BFE,lgbd_xg,0.0500235,0.332076,3.3,0.31576,True,-0.00156893,0.0411488,0.1,False,False
600ca445be06defc,E0,2026/27,2026-08-22 14:00:00+00:00,1x2,A,BFE,BFE,BFE,lgbd_xg,0.0402846,0.394705,2.74,0.371463,False,-0.0211965,0.0176506,0.1,False,False
a0ef3e6586d4c895,E2,2026/27,2026-08-22 14:00:00+00:00,1x2,A,BFE,BFE,BFE,lgbd_xg,0.0388725,0.394169,2.74,0.412214,False,0.0828978,0.121745,0.1,False,False
4a8f1caf87bdfe2a,SP1,2026/27,2026-08-22 15:00:00+00:00,1x2,D,BFE,BFE,BFE,lgbd_xg,0.0253678,0.289816,3.7,0.270908,False,-0.042413,0.00235817,0.1,False,False
a1a49dc037953fb0,F1,2026/27,2026-08-22 18:45:00+00:00,1x2,A,BFE,BFE,BFE,lgbd_xg,0.0208761,0.401667,2.64,0.292933,True,-0.295017,-0.257032,0.1,False,False
bd6a67878c22c7cd,F1,2026/27,2026-08-22 18:45:00+00:00,1x2,A,BFE,BFE,BFE,lgbd_xg,0.0545805,0.306208,3.6,0.30563,False,0.0512539,0.0955541,0.1,False,False
a227154689fb3815,I2,2026/27,2026-08-22 19:00:00+00:00,1x2,D,BFE,BFE,BFE,lgbd_xg,0.0569224,0.334258,3.3,0.299354,False,-0.054925,-0.0122073,0.1,False,False
30778c94ed5698ca,N1,2026/27,2026-08-23 10:15:00+00:00,1x2,D,BFE,BFE,BFE,lgbd_xg,0.0503841,0.256066,4.3,0.224044,False,-0.0844387,-0.0372984,0.1,False,False
01aab8f73a60ee80,N1,2026/27,2026-08-23 14:45:00+00:00,1x2,H,BFE,BFE,BFE,lgbd_xg,0.0524586,0.105988,10.5,0.0694972,False,-0.370908,-0.315093,0.1,False,False
c82545107bf986c0,I1,2026/27,2026-08-23 16:30:00+00:00,1x2,D,BFE,BFE,BFE,lgbd_xg,0.0377179,0.333136,3.25,0.272897,False,-0.162431,-0.120005,0.1,False,False
d7f3fbfc9a458e22,SP1,2026/27,2026-08-23 19:30:00+00:00,1x2,H,BFE,BFE,BFE,lgbd_xg,0.0308186,0.115874,9.4,0.107818,False,-0.0417078,0.0134002,0.1,False,False
c02776f8a929a9b7,SP1,2026/27,2026-08-26 19:00:00+00:00,1x2,D,BFE,BFE,BFE,lgbd_xg,0.0240227,0.173917,6.2,0.115177,False,-0.388371,-0.336738,0.1,False,False
0f0219caf5639dec,N1,2026/27,2026-08-28 18:00:00+00:00,1x2,D,BFE,BFE,BFE,lgbd_xg,0.02182,0.214668,5,0.208796,False,-0.00614926,0.043041,0.1,False,False
79b9adf8dd45b2f7,D1,2026/27,2026-08-28 18:30:00+00:00,1x2,D,BFE,BFE,BFE,lgbd_xg,0.0445485,0.134468,8.2,0.121166,False,-0.0605818,-0.00646042,0.1,False,False
63c36133c0e6282c,I2,2026/27,2026-08-28 18:30:00+00:00,1x2,D,BFE,BFE,BFE,lgbd_xg,0.0200533,0.34299,3.1,0.309598,False,-0.0825725,-0.0410783,0.1,False,False
bb38e8d5087be99b,P1,2026/27,2026-08-28 19:15:00+00:00,1x2,H,BFE,BFE,BFE,lgbd_xg,0.0919555,0.109965,10.5,0.0895285,False,-0.117638,-0.0618231,0.1,False,False
5ec08c8bf70f15d8,D1,2026/27,2026-08-29 13:30:00+00:00,1x2,D,BFE,BFE,BFE,lgbd_xg,0.060839,0.258615,4.3,0.216064,True,-0.120706,-0.0735654,0.1,False,False
78880ecd82422e00,D1,2026/27,2026-08-29 13:30:00+00:00,1x2,A,BFE,BFE,BFE,lgbd_xg,0.0369596,0.399138,2.7,0.377041,False,-0.0206593,0.0178505,0.1,False,False
798348073304ff9d,D1,2026/27,2026-08-29 13:30:00+00:00,1x2,D,BFE,BFE,BFE,lgbd_xg,0.0260582,0.224422,4.8,0.219591,False,0.00396209,0.0526273,0.1,False,False
76ac3a23990ca8bd,E1,2026/27,2026-08-29 14:00:00+00:00,1x2,A,BFE,BFE,BFE,lgbd_xg,0.0422907,0.306827,3.55,0.287663,False,-0.0230744,0.0209805,0.1,False,False
58491568932329e3,N1,2026/27,2026-08-29 14:30:00+00:00,1x2,D,BFE,BFE,BFE,lgbd_xg,0.0346372,0.284867,3.8,0.260325,False,-0.0560394,-0.0108218,0.1,False,False
8f590cab9b613e5a,D1,2026/27,2026-08-29 16:30:00+00:00,1x2,D,BFE,BFE,BFE,lgbd_xg,0.051444,0.184464,6,0.173767,False,-0.00957541,0.0417179,0.1,False,False
142fb30009233bc2,P1,2026/27,2026-08-29 17:00:00+00:00,1x2,H,BFE,BFE,BFE,lgbd_xg,0.113329,0.107051,11,0.0777756,False,-0.212122,-0.156033,0.1,False,False
9e81c04bdb6afed3,N1,2026/27,2026-08-30 12:30:00+00:00,1x2,D,BFE,BFE,BFE,lgbd_xg,0.0721478,0.125839,9,0.111823,True,-0.0484204,0.00638782,0.1,False,False
9d6af95418058ac0,SP1,2026/27,2026-08-30 15:00:00+00:00,1x2,A,BFE,BFE,BFE,lgbd_xg,0.231531,0.0502666,26,0.0295603,False,-0.32265,-0.263227,0.1,False,False
5c809f15ea340bc4,I1,2026/27,2026-08-30 16:30:00+00:00,1x2,D,BFE,BFE,BFE,lgbd_xg,0.0244113,0.339097,3.15,0.310172,False,-0.0650404,-0.0232258,0.1,False,False
820b8fa3e0c4102c,G1,2026/27,2026-08-30 18:00:00+00:00,1x2,H,BFE,BFE,BFE,lgbd_xg,0.034988,0.111625,9.8,0.077105,False,-0.335588,-0.280205,0.1,False,False
ac034815d5de7a0f,G1,2026/27,2026-08-30 18:00:00+00:00,1x2,H,BFE,BFE,BFE,lgbd_xg,0.074068,0.0988103,11.5,0.118768,False,0.255424,0.311765,0.1,False,False
a41620bd8bc4bb15,N1,2026/27,2026-08-30 18:00:00+00:00,1x2,D,BFE,BFE,BFE,lgbd_xg,0.028554,0.196664,5.5,0.158301,False,-0.188847,-0.13851,0.1,False,False
9d55aaab50ab7c6b,I1,2026/27,2026-08-30 18:45:00+00:00,1x2,H,BFE,BFE,BFE,lgbd_xg,0.0294301,0.126404,8.6,0.114695,False,-0.0681993,-0.0137186,0.1,False,False
b162f31826ca0860,SP1,2026/27,2026-08-30 19:30:00+00:00,1x2,D,BFE,BFE,BFE,lgbd_xg,0.0513473,0.327625,3.35,0.306586,False,-0.0162961,0.0267049,0.1,False,False
c8b98d26eca6b53b,SP1,2026/27,2026-08-31 19:30:00+00:00,1x2,A,BFE,BFE,BFE,lgbd_xg,0.0778482,0.0617678,18.5,0.0316642,False,-0.593229,-0.534798,0.1,False,False
400a29984b0844d7,SC0,2026/27,2026-09-02 18:45:00+00:00,1x2,D,BFE,BFE,BFE,lgbd_xg,0.0265525,0.163881,6.6,0.144541,False,-0.099371,-0.0471203,0.1,False,False
532014597e2ec1f1,SC0,2026/27,2026-09-02 18:45:00+00:00,1x2,A,BFE,BFE,BFE,lgbd_xg,0.0267984,0.395226,2.7,0.366404,False,-0.0492761,-0.0107663,0.1,False,False
85f9aef689914c63,B1,2026/27,2026-09-03 18:30:00+00:00,1x2,D,BFE,BFE,BFE,lgbd_xg,0.0363439,0.264779,4.1,0.251489,False,-0.0157948,0.0306323,0.1,False,False
96070a98d58afe11,T1,2026/27,2026-09-04 17:00:00+00:00,1x2,D,BFE,BFE,BFE,lgbd_xg,0.0411501,0.232503,4.7,0.224551,False,0.00552354,0.0539095,0.1,False,False
d70ce2ef4ead7ace,D1,2026/27,2026-09-04 18:30:00+00:00,1x2,D,BFE,BFE,BFE,lgbd_xg,0.0442154,0.211038,5.2,0.181812,False,-0.1058,-0.0561251,0.1,False,False
c0253f983471e357,B1,2026/27,2026-09-04 18:45:00+00:00,1x2,H,BFE,BFE,BFE,lgbd_xg,0.0279352,0.110864,9.8,0.0821208,False,-0.272565,-0.217182,0.1,False,False
22e17ef03d146d87,P1,2026/27,2026-09-04 19:15:00+00:00,1x2,A,BFE,BFE,BFE,lgbd_xg,0.212314,0.0494822,26,0.0284872,False,-0.359626,-0.300203,0.1,False,False
b293658ad023c577,D2,2026/27,2026-09-05 11:00:00+00:00,1x2,D,BFE,BFE,BFE,lgbd_xg,0.0366898,0.181875,6,0.175631,True,0.00109559,0.0523889,0.1,False,False
ac4924478a778033,D1,2026/27,2026-09-05 13:30:00+00:00,1x2,D,BFE,BFE,BFE,lgbd_xg,0.0382678,0.209836,5.2,0.177869,False,-0.127722,-0.0780472,0.1,False,False
f219858cd35ec489,D1,2026/27,2026-09-05 13:30:00+00:00,1x2,D,BFE,BFE,BFE,lgbd_xg,0.0382569,0.25311,4.3,0.232551,False,-0.04717,-2.96648e-05,0.1,False,False
33265e8cc229cfd6,E0,2026/27,2026-09-05 14:00:00+00:00,1x2,H,BFE,BFE,BFE,lgbd_xg,0.020549,0.61904,1.69,0.566039,False,-0.0691654,-0.0443633,0.1,False,False
3660ebc165e4f13b,E0,2026/27,2026-09-05 14:00:00+00:00,1x2,A,BFE,BFE,BFE,lgbd_xg,0.0460514,0.0616049,18,0.0567649,False,-0.0368002,0.0215354,0.1,False,False
411f2af47b547bb5,E2,2026/27,2026-09-05 14:00:00+00:00,1x2,H,BFE,BFE,BFE,lgbd_xg,0.0285579,0.616863,1.71,0.57571,False,-0.040885,-0.0156571,0.1,False,False
d4460f84ca63772d,I2,2026/27,2026-09-05 15:15:00+00:00,1x2,D,BFE,BFE,BFE,lgbd_xg,0.0389072,0.323748,3.35,0.286801,False,-0.0830056,-0.0400046,0.1,False,False
fb6f42a70aedfe48,D1,2026/27,2026-09-05 16:30:00+00:00,1x2,H,BFE,BFE,BFE,lgbd_xg,0.397896,0.082326,18,0.0652854,False,0.10305,0.161386,0.1,False,False
8a897864119773d8,P1,2026/27,2026-09-05 17:00:00+00:00,1x2,H,BFE,BFE,BFE,lgbd_xg,0.253971,0.0983507,13.5,0.0567649,False,-0.323305,-0.266147,0.1,False,False
da67e9b212f4cd7a,T1,2026/27,2026-09-05 17:00:00+00:00,1x2,D,BFE,BFE,BFE,lgbd_xg,0.020163,0.277294,3.85,0.278414,False,0.0239932,0.0694254,0.1,False,False
b87bde6c569923a8,I1,2026/27,2026-09-05 18:45:00+00:00,1x2,D,BFE,BFE,BFE,lgbd_xg,0.0209247,0.270587,3.95,0.242526,False,-0.0887757,-0.0429305,0.1,False,False
15dc8852b80d8502,SC0,2026/27,2026-09-05 19:00:00+00:00,1x2,D,BFE,BFE,BFE,lgbd_xg,0.0205057,0.223208,4.8,0.175052,False,-0.222721,-0.174056,0.1,False,False
ed5038ec4bda5675,P1,2026/27,2026-09-05 19:30:00+00:00,1x2,A,BFE,BFE,BFE,lgbd_xg,0.0317718,0.0624938,17.5,0.0319735,False,-0.638882,-0.580647,0.1,False,False
4d2dac28cea264df,N1,2026/27,2026-09-06 12:30:00+00:00,1x2,D,BFE,BFE,BFE,lgbd_xg,0.0438275,0.248767,4.4,0.230394,False,-0.0338317,0.0136411,0.1,False,False
50c2526d2e00fd17,N1,2026/27,2026-09-06 12:30:00+00:00,1x2,D,BFE,BFE,BFE,lgbd_xg,0.0521001,0.250739,4.4,0.225978,True,-0.0531854,-0.00571252,0.1,False,False
bbb6f55af36b6546,I1,2026/27,2026-09-06 13:00:00+00:00,1x2,A,BFE,BFE,BFE,lgbd_xg,0.026301,0.397914,2.68,0.325971,False,-0.173467,-0.135129,0.1,False,False
aa15952386628971,SP1,2026/27,2026-09-06 14:15:00+00:00,1x2,H,BFE,BFE,BFE,lgbd_xg,0.144718,0.10531,11.5,0.079333,False,-0.148095,-0.0917543,0.1,False,False
e9742db5c2a819e9,E0,2026/27,2026-09-06 15:30:00+00:00,1x2,H,BFE,BFE,BFE,lgbd_xg,0.0384365,0.609054,1.75,0.562585,True,-0.0416478,-0.0155971,0.1,False,False
961105b44d922fdc,SP1,2026/27,2026-09-06 19:00:00+00:00,1x2,D,BFE,BFE,BFE,lgbd_xg,0.0454274,0.330622,3.3,0.305478,True,-0.0346714,0.00804634,0.1,False,False
77be40efd3348279,P1,2026/27,2026-09-09 19:45:00+00:00,1x2,H,BFE,BFE,BFE,lgbd_xg,0.314716,0.0844391,16.5,0.0345622,False,-0.619647,-0.561633,0.1,False,False
982a9ad1b23b17e9,N1,2026/27,2026-09-11 18:00:00+00:00,1x2,D,BFE,BFE,BFE,lgbd_xg,0.0627866,0.119468,9.4,0.0955815,True,-0.162174,-0.107066,0.1,False,False
905fe0e3dc96d4a9,E1,2026/27,2026-09-12 11:30:00+00:00,1x2,A,BFE,BFE,BFE,lgbd_xg,0.0311411,0.402727,2.66,0.392947,False,0.00608411,0.0442467,0.1,False,False
3f688b14ae09eedc,D1,2026/27,2026-09-12 13:30:00+00:00,1x2,D,BFE,BFE,BFE,lgbd_xg,0.0211193,0.145542,7.4,0.146529,False,0.0276631,0.0809499,0.1,False,False
5acc70ea4b42a6ce,D1,2026/27,2026-09-12 13:30:00+00:00,1x2,D,BFE,BFE,BFE,lgbd_xg,0.0651084,0.259656,4.3,0.225567,False,-0.0776621,-0.0305218,0.1,False,False
e800d19403d16872,D1,2026/27,2026-09-12 13:30:00+00:00,1x2,D,BFE,BFE,BFE,lgbd_xg,0.0233795,0.255334,4.2,0.243002,False,-0.0263913,0.0204009,0.1,False,False
f2927970f7014abf,D1,2026/27,2026-09-12 13:30:00+00:00,1x2,D,BFE,BFE,BFE,lgbd_xg,0.0206507,0.248818,4.3,0.242348,True,-0.005904,0.0412364,0.1,False,False
0d360a620f22fc37,E0,2026/27,2026-09-12 14:00:00+00:00,1x2,D,BFE,BFE,BFE,lgbd_xg,0.0534149,0.154279,7.2,0.128596,True,-0.130048,-0.0769989,0.1,False,False
f30dfa447433ea60,E2,2026/27,2026-09-12 14:00:00+00:00,1x2,A,BFE,BFE,BFE,lgbd_xg,0.036684,0.393339,2.74,0.379713,False,0.000772075,0.0396191,0.1,False,False
4cc2afca2ebe1400,D1,2026/27,2026-09-12 16:30:00+00:00,1x2,D,BFE,BFE,BFE,lgbd_xg,0.0631903,0.285344,3.9,0.253321,True,-0.0577616,-0.0121203,0.1,False,False
56f5b8547f8df05c,P1,2026/27,2026-09-12 17:00:00+00:00,1x2,H,BFE,BFE,BFE,lgbd_xg,0.307847,0.0923621,15,0.0514769,False,-0.316202,-0.258573,0.1,False,False
416d692cc782b4c8,N1,2026/27,2026-09-12 19:00:00+00:00,1x2,D,BFE,BFE,BFE,lgbd_xg,0.027531,0.215868,5,0.210079,False,-2.57778e-05,0.0491645,0.1,False,False
635b69df582d2c30,SP1,2026/27,2026-09-12 19:00:00+00:00,1x2,A,BFE,BFE,BFE,lgbd_xg,0.241669,0.0488077,27,0.0463903,False,0.165657,0.225171,0.1,False,False
48fcfe2dcd1a9a53,D1,2026/27,2026-09-13 13:30:00+00:00,1x2,D,BFE,BFE,BFE,lgbd_xg,0.0336222,0.190776,5.7,0.173687,False,-0.0607747,-0.0100353,0.1,False,False
7a6c716c904d4b56,SP1,2026/27,2026-09-13 14:15:00+00:00,1x2,H,BFE,BFE,BFE,lgbd_xg,0.492712,0.0811697,19.5,0.0603986,False,0.105018,0.163625,0.1,False,False
44efa042867c944b,D1,2026/27,2026-09-13 15:30:00+00:00,1x2,H,BFE,BFE,BFE,lgbd_xg,0.353972,0.089667,16,0.0624962,False,-0.0579546,-6.06337e-05,0.1,False,False
10eac5a497d31403,P1,2026/27,2026-09-13 17:00:00+00:00,1x2,A,BFE,BFE,BFE,lgbd_xg,0.121986,0.0540977,22,0.0318071,False,-0.416002,-0.357024,0.1,False,False
fcdfbc34d2a666b6,N1,2026/27,2026-09-13 18:00:00+00:00,1x2,D,BFE,BFE,BFE,lgbd_xg,0.0240512,0.122906,8.8,0.101812,False,-0.164526,-0.109878,0.1,False,False
bd66cbb001f4d7ed,F1,2026/27,2026-09-13 18:45:00+00:00,1x2,H,BFE,BFE,BFE,lgbd_xg,0.123458,0.103354,11.5,0.0705362,False,-0.265623,-0.209282,0.1,False,False
d6381b0a3b41d9bd,N1,2026/27,2026-09-15 18:00:00+00:00,1x2,A,BFE,BFE,BFE,lgbd_xg,0.182176,0.0522624,24,0.0308089,False,-0.361117,-0.301898,0.1,False,False
23db6557c5d287d7,SP1,2026/27,2026-09-15 19:30:00+00:00,1x2,H,BFE,BFE,BFE,lgbd_xg,0.330363,0.0909339,15.5,0.0637799,False,-0.0692423,-0.0114765,0.1,False,False
75ceac88ebea7c97,SP1,2026/27,2026-09-16 19:30:00+00:00,1x2,D,BFE,BFE,BFE,lgbd_xg,0.485524,0.0750265,21,0.0531273,False,0.0506169,0.109457,0.1,False,False
aa570abdca56a05e,SP1,2026/27,2026-09-17 17:00:00+00:00,1x2,H,BFE,BFE,BFE,lgbd_xg,0.0242725,0.614293,1.71,0.644288,True,0.0716564,0.0968843,0.1,False,False
7bd44cdcdccf2d2c,D1,2026/27,2026-09-18 18:30:00+00:00,1x2,A,BFE,BFE,BFE,lgbd_xg,0.570342,0.0333689,50,0.014574,False,-0.377096,-0.316496,0.1,False,False
06d13a1f00eadc21,D2,2026/27,2026-09-19 11:00:00+00:00,1x2,D,BFE,BFE,BFE,lgbd_xg,0.0318814,0.24592,4.4,0.25186,True,0.0552485,0.102721,0.1,False,False
fb290eca13dcd388,N1,2026/27,2026-09-19 16:45:00+00:00,1x2,D,BFE,BFE,BFE,lgbd_xg,0.0335152,0.288289,3.75,0.255428,False,-0.0880557,-0.0430583,0.1,False,False
1fa9540d7f2b38b3,F1,2026/27,2026-09-19 18:45:00+00:00,1x2,A,BFE,BFE,BFE,lgbd_xg,0.035902,0.398731,2.7,0.37731,False,-0.0199473,0.0185626,0.1,False,False
e2aef4d23fed8532,F1,2026/27,2026-09-19 18:45:00+00:00,1x2,D,BFE,BFE,BFE,lgbd_xg,0.0361864,0.264738,4.1,0.235225,False,-0.0826534,-0.0362263,0.1,False,False
4694105f5a415153,SP1,2026/27,2026-09-19 19:00:00+00:00,1x2,H,BFE,BFE,BFE,lgbd_xg,0.339732,0.0915743,15.5,0.0961044,False,0.340754,0.39852,0.1,False,False
cca84cccee29ecff,P1,2026/27,2026-09-19 19:30:00+00:00,1x2,A,BFE,BFE,BFE,lgbd_xg,0.0350957,0.0626951,17.5,0.0476189,False,-0.240559,-0.182325,0.1,False,False
6a2dec45f0acda9c,N1,2026/27,2026-09-20 10:15:00+00:00,1x2,D,BFE,BFE,BFE,lgbd_xg,0.0686111,0.175874,6.4,0.158301,False,-0.0389112,0.0130402,0.1,False,False
c21f850b372b776c,D1,2026/27,2026-09-20 13:30:00+00:00,1x2,D,BFE,BFE,BFE,lgbd_xg,0.0200561,0.248673,4.3,0.21994,False,-0.102926,-0.0557858,0.1,False,False
8e6bcbe32177cb8c,N1,2026/27,2026-09-20 14:45:00+00:00,1x2,D,BFE,BFE,BFE,lgbd_xg,0.0244305,0.249739,4.3,0.246564,True,0.0113405,0.0584809,0.1,False,False
1675d7367c416d57,I1,2026/27,2026-09-20 16:00:00+00:00,1x2,H,BFE,BFE,BFE,lgbd_xg,0.0209867,0.598819,1.75,0.593373,True,0.0116328,0.0376835,0.1,False,False
bcdb16c87e7ae6a5,SP1,2026/27,2026-09-20 16:30:00+00:00,1x2,D,BFE,BFE,BFE,lgbd_xg,0.0213524,0.21457,5,0.209775,False,-0.00147283,0.0477174,0.1,False,False
d548086a39701ebd,F1,2026/27,2026-09-20 18:45:00+00:00,1x2,D,BFE,BFE,BFE,lgbd_xg,0.0659574,0.193388,5.8,0.184043,False,0.014339,0.0652694,0.1,False,False
7ab628ddd27d4910,I1,2026/27,2026-09-20 18:45:00+00:00,1x2,A,BFE,BFE,BFE,lgbd_xg,0.0716252,0.0810609,14,0.0616315,False,-0.204851,-0.147525,0.1,False,False
fe7a350781630917,SP2,2026/27,2026-10-02 18:30:00+00:00,1x2,H,BFE,BFE,BFE,lgbd_xg,0.0303352,0.396588,2.7,0.376107,True,-0.0231401,0.0153698,0.1,False,False
