season,market,model,threshold,kelly,whitelist,hist_n,hist_clv,hist_clv_raw,scenario
2022/23,1x2,lgbd_xg,0.02,0.1,,427,-0.0969099,-0.0615486,exch
2023/24,1x2,lgbd_xg,0.02,0.1,,427,-0.0969099,-0.0615486,exch
2024/25,1x2,lgbd_xg,0.02,0.1,,427,-0.0969099,-0.0615486,exch
2025/26,1x2,lgbd_xg,0.02,0.1,,585,-0.0737467,-0.0356724,exch
2026/27,1x2,lgbd_xg,0.04,0.1,,175,-0.134565,-0.0830716,exch
2019/20,1x2,cb_xg,0.02,0.25,"D1,D2,E0,F1,I1",281,0.0168329,0.0439535,max
2020/21,1x2,cb_xg,0.02,0.25,"D1,D2,E0,F1,I1,SP1",335,0.0170741,0.0439444,max
2021/22,1x2,cb_xg,0.02,0.25,"D1,D2,E0,F1,G1,I1,SP1",395,0.0168024,0.0436642,max
2021/22,ou25,cb_goals,0,0.25,SP2,302,0.00764789,0.0330064,max
2022/23,1x2,lgbd_xg,0.06,0.25,"D1,SP1",351,-0.0294898,0.00756225,max
2022/23,ou25,lgb_goals,0,0.25,"E0,E1,E3,F2,N1,P1,SP1,SP2",552,0.00892896,0.0350395,max
2023/24,1x2,lgbd_xg,0.06,0.25,"D1,SP1",351,-0.0294898,0.00756225,max
2023/24,ou25,lgb_goals,0,0.25,"E0,E1,E2,E3,F2,I1,I2,N1,P1,SP1,SP2,T1",675,0.00882163,0.0353529,max
2024/25,1x2,lgbd_xg,0.06,0.25,"D1,SP1",351,-0.0294898,0.00756225,max
2024/25,ou25,lgb_goals,0,0.25,"B1,E0,E1,E3,F2,I1,I2,N1,P1,SP1,SP2",744,0.00714762,0.0338598,max
2025/26,1x2,lgbd_xg,0.06,0.25,"D1,I1",372,-0.0287403,0.00890962,max
2025/26,ou25,lgb_goals,0,0.25,"D1,E0,E1,E3,F2,I1,I2,N1,SP1,SP2",794,0.00713474,0.0339274,max
2026/27,1x2,lgbd_xg,0.06,0.25,"D1,I1",372,-0.0287403,0.00890962,max
2026/27,ou25,lgb_goals,0,0.25,"D1,E0,E1,E3,F2,I1,I2,N1,SP1,SP2",832,0.00608109,0.0328572,max
2022/23,1x2,lgbd_xg,0.02,0.1,,427,-0.0969099,-0.0615486,ref
2023/24,1x2,lgbd_xg,0.02,0.1,,427,-0.0969099,-0.0615486,ref
2024/25,1x2,lgbd_xg,0.02,0.1,,427,-0.0969099,-0.0615486,ref
2025/26,1x2,lgbd_xg,0.02,0.1,,427,-0.0969099,-0.0615486,ref
2026/27,1x2,lgbd_xg,0.02,0.1,,428,-0.0967304,-0.0613433,ref
