div,market,season,n,clv_net,clv_net_lo,clv_net_hi,clv_raw,clv_raw_lo,clv_raw_hi,roi_flat,roi_k10,roi_k25,mdd_flat,mdd_k25,hit,mean_price,scenario
B1,ou25,2024/25,3,-0.0762674,-0.139044,0.0331304,-0.0435377,-0.101148,0.0632772,0.2808,0.155683,0.154744,0.01,0.00438299,0.666667,2.19667,max
D1,1x2,2019/20,13,0.0108701,-0.0269127,0.0453442,0.0384033,0.00387652,0.0709803,-0.120246,0.0886808,0.011876,0.0331686,0.0206213,0.538462,1.94769,max
D1,1x2,2020/21,3,-0.0496728,-0.108391,0.00816588,-0.0182424,-0.0868706,0.0359393,0.195,-0.745128,-0.542518,0.02,0.0163291,0.333333,2.38,max
D1,1x2,2021/22,5,0.0141633,-0.00535085,0.034346,0.0384711,0.0193407,0.0556058,-0.118,-0.0513713,0.0423588,0.0102726,0.01,0.6,1.92,max
D1,1x2,2024/25,1,-0.00099731,-0.00099731,-0.00099731,0.0542854,0.0542854,0.0542854,-1,-1,-1,0.01,0.00216292,0,9.65,max
D1,1x2,2026/27,5,-0.123455,-0.246989,-0.0330173,-0.0695729,-0.191972,0.0180062,-0.236,0.15684,0.153168,0.0198373,0.00820298,0.2,17.866,max
D1,ou25,2026/27,2,-0.0816834,-0.154565,-0.0088014,-0.0420962,-0.0997573,0.0155649,-0.1851,0.0449329,0.0446061,0.00993741,0.00129128,0.5,5.335,max
D2,1x2,2019/20,2,0.0384287,0.0239461,0.0529113,0.0681976,0.0441488,0.0922463,-0.265,0.185885,0.133273,0.00995322,0.00295738,0.5,2.15,max
D2,1x2,2020/21,2,0.089021,0.00184167,0.1762,0.122071,0.0403515,0.203791,1.1891,1.026,1.02548,0,0,1,2.265,max
D2,1x2,2021/22,3,-0.0247696,-0.0763931,0.00986883,-0.000743693,-0.0524729,0.0378235,0.0896667,-0.0427332,0.0860814,0.00987469,0.01,0.666667,1.66667,max
E0,1x2,2019/20,1,0.0593176,0.0593176,0.0593176,0.0795203,0.0795203,0.0795203,0.47,0.47,0.47,0,0,1,1.5,max
E0,1x2,2020/21,1,0.0178962,0.0178962,0.0178962,0.0628936,0.0628936,0.0628936,2.585,2.585,2.585,0,0,1,3.75,max
E0,1x2,2021/22,7,0.0199416,-0.00752498,0.0514325,0.0446494,0.0194421,0.0740211,0.496343,0.369023,0.363091,0.00403664,0.00464262,0.857143,1.78429,max
E0,ou25,2022/23,11,0.00148237,-0.0191126,0.0204474,0.0303961,0.0106466,0.0487005,0.156782,-0.0560287,-0.0573663,0.0308802,0.0168747,0.636364,1.91455,max
E0,ou25,2023/24,4,-0.0254937,-0.0547985,0.003811,0.00135311,-0.0287761,0.0314823,-0.1616,-0.342313,-0.342638,0.01,0.00194002,0.5,1.805,max
E0,ou25,2024/25,3,0.0176583,-0.0759332,0.124845,0.0532908,-0.0489045,0.158868,0.9858,-0.0757601,-0.0761753,0.00961932,0.00131325,0.666667,2.67,max
E0,ou25,2025/26,1,0.00977917,0.00977917,0.00977917,0.0371843,0.0371843,0.0371843,0.7708,0.7708,0.7708,0,0,1,1.82,max
E0,ou25,2026/27,4,0.0653009,0.0408965,0.0795841,0.097726,0.0743059,0.111517,-1,-1,-1,0.04,0.0246161,0,2.1375,max
E1,ou25,2022/23,2,-0.00881353,-0.080223,0.0625959,0.025948,-0.0420603,0.0939563,-1,-1,-1,0.02,0.00784639,0,2.36,max
E1,ou25,2023/24,5,0.0220549,0.000211389,0.0405857,0.0505976,0.0273449,0.0703127,-0.66276,-0.9262,-0.926582,0.033138,0.0187008,0.2,1.894,max
E1,ou25,2024/25,4,0.00597066,-0.0951161,0.0909059,0.035827,-0.0612662,0.120406,0.4644,0.796954,0.79694,0,0,0.75,1.99,max
E1,ou25,2025/26,3,0.000219866,-0.0752864,0.0432757,0.0305371,-0.0467994,0.0789029,0.961933,0.870132,0.870074,0,0,1,2.02333,max
E2,ou25,2023/24,4,-0.0922367,-0.129874,-0.0545998,-0.0640014,-0.101241,-0.0267615,-0.1005,-0.0464975,-0.0470687,0.01,0.00206836,0.5,1.875,max
E3,ou25,2022/23,7,0.00762277,-0.0321045,0.0505644,0.0365126,-0.0019377,0.0787121,-0.212886,-0.802048,-0.802679,0.03342,0.00939702,0.428571,1.91143,max
E3,ou25,2023/24,4,-0.00952466,-0.0997739,0.069722,0.0191027,-0.0727131,0.0966828,0.29285,0.439654,0.439594,0.01,0.00095701,0.75,1.9225,max
E3,ou25,2024/25,1,0.0573785,0.0573785,0.0573785,0.087045,0.087045,0.087045,-1,-1,-1,0.01,0.00335155,0,1.95,max
E3,ou25,2025/26,7,-0.0127841,-0.035936,0.00424378,0.014826,-0.00839913,0.0326591,-0.506143,-0.366755,-0.368427,0.0421826,0.011309,0.285714,1.83429,max
F1,1x2,2019/20,1,0.0827955,0.0827955,0.0827955,0.105311,0.105311,0.105311,0.5546,0.5546,0.5546,0,0,1,1.59,max
F1,1x2,2020/21,7,0.00763324,-0.0324093,0.0389118,0.0343364,0.0031854,0.0602919,-0.6364,-0.362096,-0.490282,0.0458933,0.0257549,0.285714,2.09857,max
F1,1x2,2021/22,8,0.0259608,-0.00844526,0.0670058,0.0513982,0.0183266,0.0914769,-0.0582,-0.182609,-0.305694,0.0386345,0.0385912,0.5,1.87625,max
F2,ou25,2022/23,8,0.0118126,-0.0160063,0.0382609,0.0404045,0.0137478,0.0662309,-0.3289,-0.165407,-0.262787,0.03,0.00634295,0.375,1.9225,max
F2,ou25,2023/24,5,-0.0195648,-0.0504056,0.0112759,0.00647044,-0.0212271,0.031913,-0.18452,-0.690401,-0.690087,0.0197868,0.00878072,0.4,1.802,max
F2,ou25,2024/25,3,0.0762621,0.00200523,0.120909,0.107134,0.0301392,0.154932,0.9776,0.991169,0.99395,0,0,1,2.04,max
F2,ou25,2025/26,4,0.0159305,-0.0340931,0.0497738,0.043474,-0.0105363,0.0802139,-0.50325,-0.571269,-0.572866,0.02013,0.0110761,0.25,1.8475,max
G1,1x2,2021/22,10,0.0211616,-0.0156349,0.0630909,0.037799,-0.00100447,0.0826414,0.12524,0.00349091,0.0846949,0.017274,0.0172282,0.8,1.412,max
I1,1x2,2019/20,1,0.163247,0.163247,0.163247,0.191381,0.191381,0.191381,0.8084,0.8084,0.8084,0,0,1,1.86,max
I1,1x2,2020/21,2,0.00364619,-0.00565954,0.0129519,0.0344763,0.02975,0.0392026,1.0058,0.937239,0.937652,0,0,1,2.07,max
I1,1x2,2021/22,5,0.0488962,0.0279875,0.0711566,0.0793193,0.0571035,0.101739,-0.17136,-0.56605,-0.234072,0.0222622,0.02,0.4,2.256,max
I1,1x2,2026/27,1,-0.169917,-0.169917,-0.169917,-0.112434,-0.112434,-0.112434,-1,-1,-1,0.01,0.00216162,0,14.5,max
I1,ou25,2023/24,3,0.0274507,0.0211157,0.0395694,0.0545692,0.0471664,0.0682302,0.146067,-0.170248,-0.171153,0.00295,0.00554704,0.666667,1.80667,max
I1,ou25,2024/25,5,0.0221385,-0.0268927,0.0683402,0.0521142,0.00190718,0.0981743,0.48056,0.594028,0.559333,0.01,0.00530019,0.8,1.982,max
I1,ou25,2025/26,2,0.0197273,-0.0189083,0.0583629,0.0460746,0.00714235,0.0850068,-0.1334,-0.305647,-0.153111,0.01,0.01,0.5,1.765,max
I2,ou25,2023/24,3,0.0183864,-0.0207962,0.0382429,0.0476173,0.012858,0.0653027,0.312133,0.462261,0.461886,0.00981004,0.000773388,0.666667,1.94333,max
N1,ou25,2022/23,3,0.0538705,0.0430634,0.0653974,0.0789978,0.0662941,0.10255,-0.0356667,0.26969,0.254051,0.01,0.000935688,0.666667,1.83333,max
N1,ou25,2023/24,8,-0.0143808,-0.0721569,0.0276339,0.016369,-0.0388274,0.056057,-0.0582,-0.0662129,-0.0665974,0.03,0.00280543,0.5,2.1275,max
N1,ou25,2024/25,5,-0.0255143,-0.124261,0.0784844,-0.0023793,-0.0952494,0.0960459,-0.3744,-0.906495,-0.819543,0.0296654,0.0126517,0.4,1.666,max
N1,ou25,2025/26,3,-0.0724146,-0.129692,0.0365841,-0.0536104,-0.108172,0.0541849,-0.0795333,0.160773,0.160495,0.00992444,0.00165183,0.666667,1.45333,max
N1,ou25,2026/27,1,0.0124747,0.0124747,0.0124747,0.0509846,0.0509846,0.0509846,-1,-1,-1,0.01,0.00157639,0,2.7,max
P1,ou25,2022/23,4,-0.044025,-0.0973081,0.0092582,-0.0165528,-0.0672207,0.0341152,-0.17335,-0.566357,-0.566495,0.0139781,0.00518472,0.5,1.845,max
P1,ou25,2023/24,2,-0.0562215,-0.137796,0.0253526,-0.031695,-0.110767,0.0473768,-0.124,-0.705351,-0.705557,0.00992536,0.00921238,0.5,1.685,max
P1,ou25,2024/25,4,-0.0337862,-0.0791548,0.0115824,-0.00880592,-0.0502577,0.0326459,0.18945,0.278503,0.278459,0.01,0.000952106,0.75,1.7225,max
SP1,1x2,2020/21,4,-0.000136754,-0.0197216,0.029379,0.0340746,0.0142945,0.0610854,0.69235,0.624928,0.644605,0.00989858,0.00317668,0.75,2.535,max
SP1,1x2,2021/22,11,0.0601491,0.0290096,0.089219,0.0843351,0.0507819,0.114396,-0.0905091,-0.0811475,-0.0858789,0.028763,0.0264676,0.545455,1.71727,max
SP1,1x2,2024/25,1,-0.307893,-0.307893,-0.307893,-0.252714,-0.252714,-0.252714,-1,-1,-1,0.01,0.00326605,0,9.5,max
SP1,ou25,2022/23,9,0.0416841,0.00134235,0.0795122,0.0686944,0.0284221,0.106618,0.388778,0.33328,0.323368,0.0097686,0.00311761,0.777778,1.81333,max
SP1,ou25,2023/24,2,0.0373152,-0.0130477,0.087678,0.0635834,0.00660364,0.120563,-0.2744,0.142229,0.142121,0.00995508,0.000444672,0.5,1.825,max
SP1,ou25,2024/25,3,0.118328,0.017013,0.263368,0.147868,0.0395287,0.310676,-0.525667,-0.179205,-0.179614,0.0199158,0.00463764,0.333333,2.46333,max
SP1,ou25,2026/27,1,-0.0621341,-0.0621341,-0.0621341,-0.0171367,-0.0171367,-0.0171367,-1,-1,-1,0.01,0.000809866,0,3.75,max
SP2,ou25,2021/22,17,-0.00541109,-0.0352159,0.0203622,0.0212002,-0.00882304,0.046903,-0.2714,-0.0488109,-0.0347607,0.065734,0.0115246,0.411765,1.80235,max
SP2,ou25,2022/23,5,0.037608,-0.0308283,0.0900694,0.0656073,-0.00543204,0.11807,0.00984,0.435693,0.366782,0.0132359,0.00360533,0.6,1.87,max
SP2,ou25,2023/24,7,0.00501843,-0.0298752,0.0385697,0.0339426,0.0017773,0.0651197,0.401829,0.475442,0.472207,0.0190816,0.00179036,0.714286,1.95,max
SP2,ou25,2024/25,1,0.101474,0.101474,0.101474,0.133685,0.133685,0.133685,1.0528,1.0528,1.0528,0,0,1,2.12,max
SP2,ou25,2025/26,3,0.00849535,-0.0481073,0.0675662,0.0363935,-0.0210787,0.0992156,0.2244,-0.16525,-0.165818,0.0098995,0.0031282,0.666667,1.86,max
SP2,ou25,2026/27,2,-0.0687213,-0.0757091,-0.0617335,-0.0386585,-0.0460426,-0.0312743,-1,-1,-1,0.02,0.0018513,0,1.975,max
T1,ou25,2023/24,6,-0.0015993,-0.0369881,0.0383473,0.0289489,-0.00554976,0.0661029,0.2667,0.885659,0.885463,0.01,0.000114073,0.666667,2.075,max
