match_id,div,season,kickoff_utc,market,sel,source,model,edge,p,price,p_close,won,clv_net,kelly,whitelisted,selected
fa3b1e6238823115,E3,2024/25,2024-08-09 19:00:00+00:00,1x2,A,BFE,lgbd_xg,0.0581903,0.209875,5.3,0.203566,False,0.0260358,0.1,False,False
2d2110ed4247332f,N1,2024/25,2024-08-10 14:30:00+00:00,1x2,A,BFE,lgbd_xg,0.0539527,0.0399527,28,0.0380059,False,0.00259197,0.1,False,False
a130fe1f0f4f7de8,P1,2024/25,2024-08-11 14:30:00+00:00,1x2,A,BFE,lgbd_xg,0.0582751,0.280486,3.95,0.336225,True,0.237896,0.1,False,False
bace3fdcb31a3a93,T1,2024/25,2024-08-12 18:00:00+00:00,1x2,D,BFE,lgbd_xg,0.0254009,0.297735,3.6,0.306428,False,0.0538609,0.1,False,False
2a876d9117c5136e,B1,2024/25,2024-08-18 11:30:00+00:00,1x2,A,BFE,lgbd_xg,0.0217206,0.228165,4.7,0.207429,False,-0.073789,0.1,False,False
d31899961367249d,SP1,2024/25,2024-08-18 17:00:00+00:00,1x2,A,BFE,lgbd_xg,0.0437227,0.144881,7.6,0.16618,True,0.179951,0.1,False,False
5cb922673857e01b,SP2,2024/25,2024-08-23 17:00:00+00:00,1x2,D,BFE,lgbd_xg,0.0203997,0.317981,3.35,0.297144,True,-0.0475802,0.1,False,False
507d88dfdcdb1998,P1,2024/25,2024-08-23 19:15:00+00:00,1x2,H,BFE,lgbd_xg,0.0204621,0.0618087,17.5,0.0594242,False,-0.0190881,0.1,False,False
d12f4be13c483eac,E1,2024/25,2024-08-24 11:30:00+00:00,1x2,A,BFE,lgbd_xg,0.038629,0.202225,5.4,0.201838,False,0.0359842,0.1,False,False
a9a59b517c183430,E3,2024/25,2024-08-24 14:00:00+00:00,1x2,A,BFE,lgbd_xg,0.034325,0.175667,6.2,0.164063,False,-0.0345907,0.1,False,False
7ff1363d7fe768eb,T1,2024/25,2024-09-01 18:45:00+00:00,1x2,D,BFE,lgbd_xg,0.0256451,0.186075,5.8,0.170133,False,-0.0642461,0.1,False,False
b7f77dc9f032b4f9,E2,2024/25,2024-09-14 14:00:00+00:00,1x2,H,BFE,lgbd_xg,0.039201,0.265509,4.1,0.248927,False,-0.0260347,0.1,False,False
3326297d076de46e,T1,2024/25,2024-09-14 17:00:00+00:00,1x2,H,BFE,lgbd_xg,0.0232486,0.822283,1.26,0.730246,True,-0.0957209,0.1,False,False
b6456e5a1cc1d6f2,SP1,2024/25,2024-09-15 12:00:00+00:00,1x2,A,BFE,lgbd_xg,0.0497612,0.187257,5.9,0.166037,False,-0.071709,0.1,False,False
bde773f270238253,T1,2024/25,2024-09-19 17:00:00+00:00,1x2,A,BFE,lgbd_xg,0.0273966,0.180245,6,0.168267,False,-0.0417378,0.1,False,False
b5a0074278ecf519,D1,2024/25,2024-09-21 13:30:00+00:00,1x2,D,BFE,lgbd_xg,0.0345773,0.296356,3.65,0.277901,False,-0.0303013,0.1,False,False
14ecffd65fe95442,E1,2024/25,2024-09-21 14:00:00+00:00,1x2,H,BFE,lgbd_xg,0.0515932,0.187584,5.9,0.173935,False,-0.0252371,0.1,False,False
6960bf24c08b8d2a,SP1,2024/25,2024-09-21 19:00:00+00:00,1x2,A,BFE,lgbd_xg,0.0317236,0.0497456,22,0.037129,False,-0.261294,0.1,False,False
45ad18b3073d7785,SP1,2024/25,2024-09-28 19:00:00+00:00,1x2,H,BFE,lgbd_xg,0.0259336,0.146228,7.4,0.213832,True,0.405627,0.1,False,False
ab115e9d197a1b52,B1,2024/25,2024-09-29 17:15:00+00:00,1x2,A,BFE,lgbd_xg,0.0342964,0.197762,5.5,0.245874,False,0.251475,0.1,False,False
7640ba0607ad01c7,F1,2024/25,2024-10-04 18:45:00+00:00,1x2,A,BFE,lgbd_xg,0.0218405,0.0698456,15.5,0.0789817,False,0.144536,0.1,False,False
00baf874a6006de1,E2,2024/25,2024-10-05 14:00:00+00:00,1x2,A,BFE,lgbd_xg,0.0479467,0.128677,8.6,0.134451,False,0.0907225,0.1,False,False
f24e4ab4f57e74b1,E0,2024/25,2024-10-06 13:00:00+00:00,1x2,A,BFE,lgbd_xg,0.0521383,0.149963,7.4,0.148581,False,0.0415663,0.1,False,False
b5594fbc98dc0518,E1,2024/25,2024-10-19 14:00:00+00:00,1x2,A,BFE,lgbd_xg,0.0396971,0.253461,4.3,0.215823,False,-0.121824,0.1,False,False
3f1ee7393272daf9,T1,2024/25,2024-10-20 10:30:00+00:00,1x2,A,BFE,lgbd_xg,0.0410854,0.286642,3.8,0.278525,False,0.0115364,0.1,False,False
9fdb8fd1ce7d0757,N1,2024/25,2024-10-20 14:45:00+00:00,1x2,A,BFE,lgbd_xg,0.0213341,0.254824,4.2,0.232763,True,-0.0694428,0.1,False,False
0bbef26bf52a88eb,D2,2024/25,2024-10-26 11:00:00+00:00,1x2,D,BFE,lgbd_xg,0.0310005,0.269895,4,0.258706,False,-0.0118122,0.1,False,False
befc55943740dbce,T1,2024/25,2024-11-03 13:00:00+00:00,1x2,A,BFE,lgbd_xg,0.0230477,0.195611,5.5,0.170591,False,-0.114075,0.1,False,False
bdec9127c1f2ccce,T1,2024/25,2024-11-04 17:00:00+00:00,1x2,A,BFE,lgbd_xg,0.0447224,0.21114,5.2,0.155264,False,-0.263648,0.1,False,False
6831f620ffe90514,I1,2024/25,2024-11-04 19:45:00+00:00,1x2,D,BFE,lgbd_xg,0.0508035,0.225204,4.9,0.224936,False,0.0483626,0.1,False,False
2bd59c668ede396d,E0,2024/25,2024-11-09 15:00:00+00:00,1x2,A,BFE,lgbd_xg,0.0286191,0.290735,3.7,0.274703,False,-0.0285047,0.1,False,False
7e911c5d3432a431,P1,2024/25,2024-11-09 15:30:00+00:00,1x2,A,BFE,lgbd_xg,0.0307,0.23017,4.7,0.21267,False,-0.0488374,0.1,False,False
f0eb0b820e16c34f,G1,2024/25,2024-11-09 16:45:00+00:00,1x2,D,BFE,lgbd_xg,0.0256397,0.334302,3.2,0.326078,False,0.000407561,0.1,False,False
ce544807d579a0c2,N1,2024/25,2024-11-10 11:15:00+00:00,1x2,H,BFE,lgbd_xg,0.0616592,0.0936207,12,0.112087,False,0.239856,0.1,False,False
d571397e611ad59f,D1,2024/25,2024-11-10 18:30:00+00:00,1x2,D,BFE,lgbd_xg,0.0263278,0.306367,3.5,0.294867,False,-0.0122689,0.1,False,False
6f40e640d3c4c973,P1,2024/25,2024-11-10 18:45:00+00:00,1x2,D,BFE,lgbd_xg,0.04271,0.219057,5,0.214053,False,0.0187168,0.1,False,False
6358c53efc393337,F1,2024/25,2024-11-10 19:45:00+00:00,1x2,A,BFE,lgbd_xg,0.0232999,0.117513,9.2,0.102229,False,-0.116301,0.1,False,False
8427db354d31ae55,D1,2024/25,2024-11-23 14:30:00+00:00,1x2,A,BFE,lgbd_xg,0.0868749,0.117221,9.8,0.109408,False,0.0143266,0.1,False,False
2af678571dcb6373,E2,2024/25,2024-11-23 15:00:00+00:00,1x2,D,BFE,lgbd_xg,0.0300481,0.303223,3.55,0.303021,False,0.0289394,0.1,False,False
1c7d20dec48eb588,N1,2024/25,2024-11-23 15:30:00+00:00,1x2,A,BFE,lgbd_xg,0.0758077,0.157558,7.2,0.135448,False,-0.0781354,0.1,False,False
509b728238fdcb95,G1,2024/25,2024-11-23 17:30:00+00:00,1x2,A,BFE,lgbd_xg,0.041913,0.161487,6.8,0.138058,True,-0.115694,0.1,False,False
5433d8c09330e448,N1,2024/25,2024-11-23 17:45:00+00:00,1x2,A,BFE,lgbd_xg,0.0642179,0.0938464,12,0.0972285,False,0.0976445,0.1,False,False
c863ad8f61138fd4,P1,2024/25,2024-11-30 18:00:00+00:00,1x2,A,BFE,lgbd_xg,0.0355885,0.241396,4.5,0.226699,False,-0.0278444,0.1,False,False
d376e13d0821cd8a,T1,2024/25,2024-12-01 16:00:00+00:00,1x2,D,BFE,lgbd_xg,0.033013,0.136281,8,0.111405,True,-0.169071,0.1,False,False
5c325bd47493259f,D1,2024/25,2024-12-07 14:30:00+00:00,1x2,H,BFE,lgbd_xg,0.028388,0.180419,6,0.133497,False,-0.27321,0.1,False,False
40e4a17089c853c6,E2,2024/25,2024-12-07 15:00:00+00:00,1x2,H,BFE,lgbd_xg,0.021722,0.243499,4.4,0.230431,False,-0.0336742,0.1,False,False
a122e8c206bc0b5b,E3,2024/25,2024-12-07 15:00:00+00:00,1x2,A,BFE,lgbd_xg,0.0931393,0.209013,5.5,0.244309,False,0.245089,0.1,False,False
da8cd6bcd2019fef,P1,2024/25,2024-12-07 15:30:00+00:00,1x2,A,BFE,lgbd_xg,0.0252072,0.25579,4.2,0.235942,False,-0.0558755,0.1,False,False
858d34e2da286495,T1,2024/25,2024-12-08 13:00:00+00:00,1x2,H,BFE,lgbd_xg,0.0474366,0.177893,6.2,0.0921888,False,-0.611001,0.1,False,False
ad3c3b05eb2534d5,I1,2024/25,2024-12-08 14:00:00+00:00,1x2,D,BFE,lgbd_xg,0.0282934,0.357046,3,0.336618,False,-0.0310158,0.1,False,False
86bfb2d9b8c20035,N1,2024/25,2024-12-08 15:45:00+00:00,1x2,H,BFE,lgbd_xg,0.0382127,0.218112,5,0.191493,False,-0.0926578,0.1,False,False
2a51d042b6c75ea0,T1,2024/25,2024-12-13 17:00:00+00:00,1x2,H,BFE,lgbd_xg,0.0309703,0.506868,2.1,0.412171,True,-0.176313,0.1,False,False
387f2d13470b05ef,D2,2024/25,2024-12-13 17:30:00+00:00,1x2,A,BFE,lgbd_xg,0.0377715,0.160845,6.8,0.124083,False,-0.222414,0.1,False,False
f695723fb6f02665,T1,2024/25,2024-12-14 13:00:00+00:00,1x2,D,BFE,lgbd_xg,0.0290272,0.311543,3.45,0.282518,True,-0.0691826,0.1,False,False
a6e85155600a648a,D1,2024/25,2024-12-21 14:30:00+00:00,1x2,D,BFE,lgbd_xg,0.0229633,0.305362,3.5,0.288023,False,-0.0357541,0.1,False,False
a31635f7d069f12f,E1,2024/25,2024-12-21 15:00:00+00:00,1x2,H,BFE,lgbd_xg,0.0202737,0.865666,1.19,0.851818,True,0.00394531,0.1,False,False
1796d6024a24907a,I1,2024/25,2024-12-22 11:30:00+00:00,1x2,D,BFE,lgbd_xg,0.0651107,0.237854,4.7,0.182183,False,-0.203565,0.1,False,False
2a833ca0ba74487f,G1,2024/25,2024-12-22 17:30:00+00:00,1x2,A,BFE,lgbd_xg,0.037091,0.156188,7,0.0917052,False,-0.496065,0.1,False,False
d16d89c39c66c56f,P1,2024/25,2024-12-23 18:45:00+00:00,1x2,H,BFE,lgbd_xg,0.0335967,0.921045,1.13,0.891782,True,0.00075758,0.1,False,False
00426c293dc9e45e,E1,2024/25,2024-12-29 15:00:00+00:00,1x2,A,BFE,lgbd_xg,0.020349,0.210208,5.1,0.203658,False,-0.0115115,0.1,False,False
9fdf37fde2cad089,E1,2024/25,2024-12-29 15:00:00+00:00,1x2,A,BFE,lgbd_xg,0.0423584,0.25411,4.3,0.222487,True,-0.0914139,0.1,False,False
e7c52e2c16a846b2,SC0,2024/25,2024-12-29 15:00:00+00:00,1x2,H,BFE,lgbd_xg,0.0230016,0.896583,1.15,0.926999,True,0.0561023,0.1,False,False
895e2e9eb3d1ec29,T1,2024/25,2025-01-05 10:30:00+00:00,1x2,D,BFE,lgbd_xg,0.0422369,0.266284,4.1,0.238839,True,-0.0674039,0.1,False,False
21496c639bbc82bd,SC0,2024/25,2025-01-05 15:00:00+00:00,1x2,H,BFE,lgbd_xg,0.0216246,0.902814,1.14,0.868079,True,-0.0178397,0.1,False,False
4267e8b51c8c2bbb,T1,2024/25,2025-01-05 16:00:00+00:00,1x2,H,BFE,lgbd_xg,0.0301856,0.918005,1.13,0.891654,True,0.000613958,0.1,False,False
366b57918b5e7c79,SP1,2024/25,2025-01-12 13:00:00+00:00,1x2,A,BFE,lgbd_xg,0.0273092,0.302417,3.55,0.272051,True,-0.0788745,0.1,False,False
b708a1719ad80bbd,N1,2024/25,2025-01-12 13:30:00+00:00,1x2,A,BFE,lgbd_xg,0.123982,0.218844,5.4,0.217941,False,0.112742,0.1,False,False
3033af7918725203,E1,2024/25,2025-01-18 15:00:00+00:00,1x2,H,BFE,lgbd_xg,0.0273217,0.234334,4.6,0.234118,True,0.0260298,0.1,False,False
ec5e82386d4186b4,N1,2024/25,2025-01-19 13:30:00+00:00,1x2,H,BFE,lgbd_xg,0.0301277,0.180724,6,0.169938,False,-0.0318574,0.1,False,False
0190f5b91f6ac352,I2,2024/25,2025-01-19 14:00:00+00:00,1x2,D,BFE,lgbd_xg,0.0289358,0.351533,3.05,0.316144,True,-0.0775786,0.1,False,False
35e6ad852c3da94d,E0,2024/25,2025-01-19 16:30:00+00:00,1x2,H,BFE,lgbd_xg,0.0369706,0.124456,8.8,0.108422,False,-0.101624,0.1,False,False
87bcd75f0a6866b6,SP2,2024/25,2025-01-19 17:30:00+00:00,1x2,A,BFE,lgbd_xg,0.0302489,0.235002,4.6,0.230773,True,0.0116423,0.1,False,False
29ed9f257058b478,E1,2024/25,2025-01-22 20:00:00+00:00,1x2,H,BFE,lgbd_xg,0.0603997,0.180095,6.2,0.156504,False,-0.0817573,0.1,False,False
11f98074df76c4e7,E2,2024/25,2025-01-25 15:00:00+00:00,1x2,A,BFE,lgbd_xg,0.0361933,0.231396,4.7,0.235844,True,0.0545927,0.1,False,False
06be271e6666c141,B1,2024/25,2025-01-25 19:45:00+00:00,1x2,H,BFE,lgbd_xg,0.022627,0.840838,1.23,0.814316,False,-0.00967516,0.1,False,False
bb868e4dd5b79809,P1,2024/25,2025-01-25 20:30:00+00:00,1x2,H,BFE,lgbd_xg,0.0254581,0.87706,1.18,0.852804,True,-0.00290534,0.1,False,False
644b17e13714bbad,T1,2024/25,2025-01-26 16:00:00+00:00,1x2,D,BFE,lgbd_xg,0.0534928,0.178922,6.2,0.230945,False,0.30734,0.1,False,False
24292fcdc76579a1,G1,2024/25,2025-01-26 18:30:00+00:00,1x2,H,BFE,lgbd_xg,0.0235071,0.538008,1.96,0.512777,False,-0.0247989,0.1,False,False
14f0a2979c349da1,B1,2024/25,2025-02-01 17:15:00+00:00,1x2,A,BFE,lgbd_xg,0.0596257,0.206313,5.4,0.188886,False,-0.0303382,0.1,False,False
edc029a408607865,P1,2024/25,2025-02-02 20:30:00+00:00,1x2,H,BFE,lgbd_xg,0.0328028,0.0910761,12,0.0576144,False,-0.425647,0.1,False,False
ff9b55a3b126a114,SC0,2024/25,2025-02-05 19:45:00+00:00,1x2,H,BFE,lgbd_xg,0.0204275,0.916991,1.12,0.927605,True,0.0317297,0.1,False,False
e9f809cc2206e936,D2,2024/25,2025-02-08 12:00:00+00:00,1x2,D,BFE,lgbd_xg,0.0216291,0.292647,3.65,0.275889,False,-0.037569,0.1,False,False
682b1f7e15a0a1a6,P1,2024/25,2025-02-08 18:00:00+00:00,1x2,A,BFE,lgbd_xg,0.0326299,0.052153,21,0.0513199,False,0.0160059,0.1,False,False
e2093163338827c0,T1,2024/25,2025-02-15 13:00:00+00:00,1x2,A,BFE,lgbd_xg,0.024848,0.199542,5.4,0.186287,True,-0.0441923,0.1,False,False
64cfbcee5e1d86a1,I1,2024/25,2025-02-23 17:00:00+00:00,1x2,H,BFE,lgbd_xg,0.0471014,0.162291,6.8,0.134115,False,-0.144668,0.1,False,False
6a535374b7f862f3,I1,2024/25,2025-02-24 19:45:00+00:00,1x2,A,BFE,lgbd_xg,0.0550925,0.0893389,12.5,0.0668767,False,-0.235959,0.1,False,False
410d876a1bd73d7a,P1,2024/25,2025-02-24 20:15:00+00:00,1x2,D,BFE,lgbd_xg,0.0343915,0.246518,4.4,0.267417,True,0.115185,0.1,False,False
aa61f50cf8145e77,E2,2024/25,2025-02-25 19:45:00+00:00,1x2,A,BFE,lgbd_xg,0.0225949,0.158493,6.8,0.143997,False,-0.0735758,0.1,False,False
efd1191454d2cc9e,D1,2024/25,2025-03-01 14:30:00+00:00,1x2,D,BFE,lgbd_xg,0.0298973,0.283562,3.8,0.272249,False,-0.0112558,0.1,False,False
c3911c47f45fe9e3,E1,2024/25,2025-03-01 15:00:00+00:00,1x2,A,BFE,lgbd_xg,0.0399315,0.19194,5.7,0.140339,False,-0.273965,0.1,False,False
793d6dd029b8a314,N1,2024/25,2025-03-02 11:15:00+00:00,1x2,H,BFE,lgbd_xg,0.0215902,0.267432,4,0.267806,True,0.0227585,0.1,False,False
c725757d26250e72,N1,2024/25,2025-03-02 13:30:00+00:00,1x2,H,BFE,lgbd_xg,0.0262567,0.138833,7.8,0.145457,False,0.0725244,0.1,False,False
a8350be49a65720b,I1,2024/25,2025-03-03 19:45:00+00:00,1x2,A,BFE,lgbd_xg,0.0244764,0.0774944,14,0.0890515,False,0.16319,0.1,False,False
66c3ec1834dadb0d,E3,2024/25,2025-03-04 19:45:00+00:00,1x2,A,BFE,lgbd_xg,0.0366315,0.188068,5.8,0.189469,True,0.0433967,0.1,False,False
76b54860d9722247,E3,2024/25,2025-03-04 19:45:00+00:00,1x2,H,BFE,lgbd_xg,0.02183,0.296699,3.6,0.279638,False,-0.0376244,0.1,False,False
b3701f02786622c5,E2,2024/25,2025-03-08 15:00:00+00:00,1x2,A,BFE,lgbd_xg,0.0277625,0.234435,4.6,0.257936,False,0.122919,0.1,False,False
4c1a2cb1932da53f,E3,2024/25,2025-03-08 15:00:00+00:00,1x2,H,BFE,lgbd_xg,0.0227865,0.405417,2.62,0.455383,True,0.138753,0.1,False,False
ac98b8f1ffc0bccc,P1,2024/25,2025-03-08 18:00:00+00:00,1x2,A,BFE,lgbd_xg,0.0346402,0.252228,4.3,0.308597,False,0.235756,0.1,False,False
f4ae3c0a1a9e269f,D2,2024/25,2025-03-09 12:30:00+00:00,1x2,A,BFE,lgbd_xg,0.0522845,0.184611,6,0.202868,False,0.145267,0.1,False,False
197adcbcc80fc67c,G1,2024/25,2025-03-09 17:00:00+00:00,1x2,H,BFE,lgbd_xg,0.0249894,0.836316,1.24,0.820805,True,0.0059611,0.1,False,False
2ff6a116cd9101b8,G1,2024/25,2025-03-09 17:00:00+00:00,1x2,H,BFE,lgbd_xg,0.0584786,0.185698,6,0.172041,True,-0.0195534,0.1,False,False
32777e4272a5b9f6,T1,2024/25,2025-03-09 17:30:00+00:00,1x2,D,BFE,lgbd_xg,0.0514228,0.220887,5,0.214702,False,0.0217417,0.1,False,False
8374b4b73ceaeef5,T1,2024/25,2025-03-15 10:30:00+00:00,1x2,D,BFE,lgbd_xg,0.0205886,0.304653,3.5,0.288193,False,-0.035164,0.1,False,False
6ad5ebbdcda9ea7f,D2,2024/25,2025-03-15 12:00:00+00:00,1x2,A,BFE,lgbd_xg,0.0455423,0.207367,5.3,0.186004,False,-0.0641827,0.1,False,False
c93aae32278a9639,I2,2024/25,2025-03-15 14:00:00+00:00,1x2,D,BFE,lgbd_xg,0.0320397,0.365505,2.94,0.350418,False,-0.010617,0.1,False,False
6d095ccbbcbceba3,E0,2024/25,2025-03-15 15:00:00+00:00,1x2,H,BFE,lgbd_xg,0.0264192,0.272043,3.95,0.243212,False,-0.0859512,0.1,False,False
56bd2219129a8614,E2,2024/25,2025-03-15 15:00:00+00:00,1x2,A,BFE,lgbd_xg,0.0519572,0.158427,7,0.147445,False,-0.0211864,0.1,False,False
00e9f5dd788f4241,P1,2024/25,2025-03-15 15:30:00+00:00,1x2,H,BFE,lgbd_xg,0.0219615,0.219023,4.9,0.234355,False,0.0893824,0.1,False,False
95fe74608ea86ce5,B1,2024/25,2025-03-16 17:30:00+00:00,1x2,D,BFE,lgbd_xg,0.0223478,0.313989,3.4,0.305804,False,-0.00431189,0.1,False,False
6e02b6c0ec51ca95,E0,2024/25,2025-03-16 19:00:00+00:00,1x2,H,BFE,lgbd_xg,0.0204241,0.232761,4.6,0.210308,False,-0.0812191,0.1,False,False
37c12b5c1bc6051d,P1,2024/25,2025-03-16 20:30:00+00:00,1x2,A,BFE,lgbd_xg,0.0457498,0.193014,5.7,0.161623,False,-0.132759,0.1,False,False
8c93ebed2f61e5ac,E2,2024/25,2025-03-27 20:00:00+00:00,1x2,A,BFE,lgbd_xg,0.0234557,0.289275,3.7,0.301608,False,0.0649353,0.1,False,False
a5e6579a90464ae2,T1,2024/25,2025-03-28 13:00:00+00:00,1x2,D,BFE,lgbd_xg,0.0204944,0.322737,3.3,0.296813,False,-0.0634487,0.1,False,False
c12b6228441d5b67,T1,2024/25,2025-03-28 17:30:00+00:00,1x2,D,BFE,lgbd_xg,0.0286693,0.311435,3.45,0.287142,False,-0.0529488,0.1,False,False
b6c644d75e8df9a0,SP2,2024/25,2025-03-30 14:15:00+00:00,1x2,A,BFE,lgbd_xg,0.0585117,0.155025,7.2,0.155926,False,0.0626612,0.1,False,False
b1fd2f6a6cdef4b4,E2,2024/25,2025-04-01 18:45:00+00:00,1x2,A,BFE,lgbd_xg,0.0293972,0.245328,4.4,0.246592,True,0.0341133,0.1,False,False
8a0e257917173c04,E2,2024/25,2025-04-01 19:00:00+00:00,1x2,H,BFE,lgbd_xg,0.0352805,0.118888,9.2,0.11471,False,-0.00110354,0.1,False,False
14f61821a466f821,P1,2024/25,2025-04-02 19:15:00+00:00,1x2,H,BFE,lgbd_xg,0.0201219,0.89406,1.15,0.868276,True,-0.00934031,0.1,False,False
9b86655dfccc7b0b,D1,2024/25,2025-04-05 13:30:00+00:00,1x2,A,BFE,lgbd_xg,0.0626159,0.169639,6.6,0.205194,False,0.251018,0.1,False,False
9b001adc85452fda,F1,2024/25,2025-04-05 15:00:00+00:00,1x2,A,BFE,lgbd_xg,0.0315173,0.0475792,23,0.0385096,False,-0.180456,0.1,False,False
383aa0c87d9ffa92,T1,2024/25,2025-04-06 16:00:00+00:00,1x2,D,BFE,lgbd_xg,0.0293133,0.180581,6,0.19586,False,0.11011,0.1,False,False
b9e9b4645fba5846,B1,2024/25,2025-04-12 16:15:00+00:00,1x2,D,BFE,lgbd_xg,0.0332911,0.321998,3.35,0.291148,False,-0.0679648,0.1,False,False
8c9f81dc2f965021,SP1,2024/25,2025-04-12 19:00:00+00:00,1x2,H,BFE,lgbd_xg,0.0697406,0.122846,9.2,0.0817568,False,-0.339764,0.1,False,False
3f90b5322fec98f6,I1,2024/25,2025-04-19 18:45:00+00:00,1x2,A,BFE,lgbd_xg,0.0968031,0.100902,11.5,0.144681,False,0.452782,0.1,False,False
aa759aebbc891524,F1,2024/25,2025-04-19 19:05:00+00:00,1x2,A,BFE,lgbd_xg,0.067515,0.0729675,15.5,0.0487412,False,-0.338156,0.1,False,False
7f3b5a26786053f7,E1,2024/25,2025-04-21 14:00:00+00:00,1x2,A,BFE,lgbd_xg,0.025492,0.199667,5.4,0.281676,True,0.369278,0.1,False,False
c6b1959824e65f23,SP2,2024/25,2025-04-26 16:30:00+00:00,1x2,D,BFE,lgbd_xg,0.035122,0.348057,3.1,0.31685,True,-0.0594193,0.1,False,False
9c1f433c2d0e716d,B1,2024/25,2025-04-27 11:30:00+00:00,1x2,D,BFE,lgbd_xg,0.0395225,0.32394,3.35,0.284082,False,-0.0925344,0.1,False,False
f049ab3766f6be02,E0,2024/25,2025-04-27 15:30:00+00:00,1x2,A,BFE,lgbd_xg,0.0299302,0.0947498,11.5,0.0628995,False,-0.38021,0.1,False,False
ae6d9615bbb97682,T1,2024/25,2025-04-27 16:00:00+00:00,1x2,D,BFE,lgbd_xg,0.0551028,0.319438,3.45,0.29029,False,-0.0420426,0.1,False,False
5b6247e8427fb2fb,E1,2024/25,2025-05-03 11:30:00+00:00,1x2,A,BFE,lgbd_xg,0.034114,0.208996,5.2,0.22037,False,0.0865359,0.1,False,False
616bb706324cb5d5,E3,2024/25,2025-05-03 14:00:00+00:00,1x2,A,BFE,lgbd_xg,0.0733993,0.176662,6.4,0.115275,True,-0.356087,0.1,False,False
ba87c552f42d5b04,N1,2024/25,2025-05-03 16:45:00+00:00,1x2,H,BFE,lgbd_xg,0.0207804,0.179084,6,0.17907,False,0.0204893,0.1,False,False
d258b5cdd911166e,I1,2024/25,2025-05-03 18:45:00+00:00,1x2,A,BFE,lgbd_xg,0.0299761,0.0990362,11,0.120701,False,0.227365,0.1,False,False
8c2274ba90fe1269,SP1,2024/25,2025-05-03 19:00:00+00:00,1x2,H,BFE,lgbd_xg,0.0803524,0.063625,18,0.111321,False,0.636702,0.1,False,False
061353e56576e038,D2,2024/25,2025-05-09 16:30:00+00:00,1x2,A,BFE,lgbd_xg,0.0286714,0.351442,3.05,0.399939,False,0.157536,0.1,False,False
855aa164c20f26a0,D2,2024/25,2025-05-09 16:30:00+00:00,1x2,A,BFE,lgbd_xg,0.0500026,0.622703,1.73,0.688589,True,0.149366,0.1,False,False
8ebedb0b9a51ea3e,N1,2024/25,2025-05-09 18:00:00+00:00,1x2,D,BFE,lgbd_xg,0.0285269,0.286897,3.75,0.27475,False,-0.0151343,0.1,False,False
45d7f1e65417b39c,I2,2024/25,2025-05-09 18:30:00+00:00,1x2,A,BFE,lgbd_xg,0.116394,0.249306,4.7,0.261154,True,0.156532,0.1,False,False
87264f826d02bac7,I2,2024/25,2025-05-09 18:30:00+00:00,1x2,H,BFE,lgbd_xg,0.0300953,0.441192,2.42,0.473194,True,0.0996772,0.1,False,False
de32a2f4bff63442,I2,2024/25,2025-05-09 18:30:00+00:00,1x2,A,BFE,lgbd_xg,0.289606,0.233963,5.8,0.29161,False,0.474591,0.1,False,False
8cdbbc063522a7c1,B1,2024/25,2025-05-09 18:45:00+00:00,1x2,H,BFE,lgbd_xg,0.085914,0.579401,1.93,0.579412,True,0.0824402,0.1,False,False
361ed5f0b06be0a6,B1,2024/25,2025-05-10 14:00:00+00:00,1x2,A,BFE,lgbd_xg,0.0208585,0.637399,1.64,0.639799,False,0.0244017,0.1,False,False
e67d9e6786103547,E0,2024/25,2025-05-10 14:00:00+00:00,1x2,H,BFE,lgbd_xg,0.0281533,0.193117,5.6,0.159586,False,-0.162949,0.1,False,False
5e5ab4d91226fe82,SP2,2024/25,2025-05-10 14:15:00+00:00,1x2,D,BFE,lgbd_xg,0.0383591,0.323577,3.35,0.290693,False,-0.0695294,0.1,False,False
4137a653552d2400,SP1,2024/25,2025-05-10 16:30:00+00:00,1x2,A,BFE,lgbd_xg,0.0254812,0.0904304,12,0.0966778,False,0.0919651,0.1,False,False
7b9a9e1381287276,I1,2024/25,2025-05-10 18:45:00+00:00,1x2,H,BFE,lgbd_xg,0.0203978,0.459225,2.3,0.40402,True,-0.107884,0.1,False,False
d0798c173d2946a5,I1,2024/25,2025-05-11 13:00:00+00:00,1x2,H,BFE,lgbd_xg,0.0705092,0.440756,2.52,0.381287,False,-0.0768068,0.1,False,False
0c1ae6997d6faf9a,I1,2024/25,2025-05-12 16:30:00+00:00,1x2,H,BFE,lgbd_xg,0.0238763,0.319064,3.35,0.356481,True,0.134485,0.1,False,False
02cda5fd12f8104d,G1,2024/25,2025-05-14 17:00:00+00:00,1x2,A,BFE,lgbd_xg,0.149935,0.0469361,26,0.0340284,False,-0.181887,0.1,False,False
41270369407b3297,N1,2024/25,2025-05-14 18:00:00+00:00,1x2,A,BFE,lgbd_xg,0.0277889,0.234441,4.6,0.126727,False,-0.587762,0.1,False,False
b6a7b669590b55bb,SC0,2024/25,2025-05-14 18:45:00+00:00,1x2,A,BFE,lgbd_xg,0.0614396,0.180272,6.2,0.15017,False,-0.123073,0.1,False,False
4f687203d38f60f5,SC0,2024/25,2025-05-14 19:00:00+00:00,1x2,H,BFE,lgbd_xg,0.0424758,0.166423,6.6,0.259864,False,0.487221,0.1,False,False
262202cdc5445be1,D1,2024/25,2025-05-17 13:30:00+00:00,1x2,H,BFE,lgbd_xg,0.0201117,0.924517,1.11,0.876514,True,-0.0334067,0.1,False,False
d27ee3d74c8adb44,SP2,2024/25,2025-05-18 12:00:00+00:00,1x2,H,BFE,lgbd_xg,0.0247638,0.25568,4.2,0.293698,True,0.16309,0.1,False,False
e0d5400b71b1b6aa,N1,2024/25,2025-05-18 12:30:00+00:00,1x2,A,BFE,lgbd_xg,0.0212256,0.796588,1.3,0.77426,True,-0.00742628,0.1,False,False
9547422ed0d23bb9,I1,2024/25,2025-05-23 18:45:00+00:00,1x2,H,BFE,lgbd_xg,0.0211701,0.195252,5.5,0.218993,False,0.135695,0.1,False,False
79e2a1e8cea06b4e,E0,2024/25,2025-05-25 15:00:00+00:00,1x2,H,BFE,lgbd_xg,0.0515422,0.096738,11.5,0.0736864,False,-0.22193,0.1,False,False
4348ea892c539110,I2,2025/26,2026-05-08 18:30:00+00:00,1x2,D,BFE,lgbd_xg,0.0416637,0.266138,4.1,0.250412,False,-0.0200882,0.1,False,False
2e6d1cc1a5220117,B1,2026/27,2026-08-07 18:45:00+00:00,1x2,D,BFE,lgbd_xg,0.0916562,0.159879,7.2,0.12478,False,-0.160168,0.1,False,False
56ab9b442ff11fb2,N1,2026/27,2026-08-08 18:00:00+00:00,1x2,A,BFE,lgbd_xg,0.0722475,0.0783234,14.5,0.0480599,False,-0.418641,0.1,False,False
e22ba28a1936bc96,P1,2026/27,2026-08-08 19:30:00+00:00,1x2,H,BFE,lgbd_xg,0.261107,0.0890612,15,0.0886014,False,0.226814,0.1,False,False
a06b152db56e98a9,P1,2026/27,2026-08-09 19:30:00+00:00,1x2,A,BFE,lgbd_xg,0.163165,0.0493703,25,0.0269314,False,-0.454911,0.1,False,False
10f56c37bc5e859d,T1,2026/27,2026-08-14 18:30:00+00:00,1x2,D,BFE,lgbd_xg,0.0561151,0.185283,6,0.191156,True,0.0858003,0.1,False,False
598d39db7edcf9bb,E1,2026/27,2026-08-15 14:00:00+00:00,1x2,A,BFE,lgbd_xg,0.0490016,0.392414,2.78,0.340024,False,-0.0954628,0.1,False,False
dc8e2d7801281e54,N1,2026/27,2026-08-15 19:00:00+00:00,1x2,D,BFE,lgbd_xg,0.0568918,0.257653,4.3,0.220048,False,-0.102437,0.1,False,False
ae4973ce8bed08db,SP1,2026/27,2026-08-16 17:00:00+00:00,1x2,D,BFE,lgbd_xg,0.0405249,0.329072,3.3,0.293159,False,-0.0758343,0.1,False,False
6822a94dc5519293,E0,2026/27,2026-08-21 19:00:00+00:00,1x2,A,BFE,lgbd_xg,0.0653555,0.0627418,18,0.0545681,False,-0.0762693,0.1,False,False
1d8027f58e74a7ec,E0,2026/27,2026-08-22 11:30:00+00:00,1x2,H,BFE,lgbd_xg,0.0538631,0.116013,9.6,0.101544,True,-0.0807482,0.1,False,False
2cd9d8652dbbeebc,E0,2026/27,2026-08-22 14:00:00+00:00,1x2,A,BFE,lgbd_xg,0.0738801,0.320561,3.5,0.3041,False,0.0185605,0.1,False,False
5622b3cb4e653d57,E0,2026/27,2026-08-22 14:00:00+00:00,1x2,A,BFE,lgbd_xg,0.0500235,0.332076,3.3,0.31576,True,-0.00156893,0.1,False,False
600ca445be06defc,E0,2026/27,2026-08-22 14:00:00+00:00,1x2,A,BFE,lgbd_xg,0.0402846,0.394705,2.74,0.371463,False,-0.0211965,0.1,False,False
bd6a67878c22c7cd,F1,2026/27,2026-08-22 18:45:00+00:00,1x2,A,BFE,lgbd_xg,0.0545805,0.306208,3.6,0.30563,False,0.0512539,0.1,False,False
a227154689fb3815,I2,2026/27,2026-08-22 19:00:00+00:00,1x2,D,BFE,lgbd_xg,0.0569224,0.334258,3.3,0.299354,False,-0.054925,0.1,False,False
30778c94ed5698ca,N1,2026/27,2026-08-23 10:15:00+00:00,1x2,D,BFE,lgbd_xg,0.0503841,0.256066,4.3,0.224044,False,-0.0844387,0.1,False,False
01aab8f73a60ee80,N1,2026/27,2026-08-23 14:45:00+00:00,1x2,H,BFE,lgbd_xg,0.0524586,0.105988,10.5,0.0694972,False,-0.370908,0.1,False,False
79b9adf8dd45b2f7,D1,2026/27,2026-08-28 18:30:00+00:00,1x2,D,BFE,lgbd_xg,0.0445485,0.134468,8.2,0.121166,False,-0.0605818,0.1,False,False
bb38e8d5087be99b,P1,2026/27,2026-08-28 19:15:00+00:00,1x2,H,BFE,lgbd_xg,0.0919555,0.109965,10.5,0.0895285,False,-0.117638,0.1,False,False
5ec08c8bf70f15d8,D1,2026/27,2026-08-29 13:30:00+00:00,1x2,D,BFE,lgbd_xg,0.060839,0.258615,4.3,0.216064,True,-0.120706,0.1,False,False
76ac3a23990ca8bd,E1,2026/27,2026-08-29 14:00:00+00:00,1x2,A,BFE,lgbd_xg,0.0422907,0.306827,3.55,0.287663,False,-0.0230744,0.1,False,False
8f590cab9b613e5a,D1,2026/27,2026-08-29 16:30:00+00:00,1x2,D,BFE,lgbd_xg,0.051444,0.184464,6,0.173767,False,-0.00957541,0.1,False,False
142fb30009233bc2,P1,2026/27,2026-08-29 17:00:00+00:00,1x2,H,BFE,lgbd_xg,0.113329,0.107051,11,0.0777756,False,-0.212122,0.1,False,False
9e81c04bdb6afed3,N1,2026/27,2026-08-30 12:30:00+00:00,1x2,D,BFE,lgbd_xg,0.0721478,0.125839,9,0.111823,True,-0.0484204,0.1,False,False
9d6af95418058ac0,SP1,2026/27,2026-08-30 15:00:00+00:00,1x2,A,BFE,lgbd_xg,0.231531,0.0502666,26,0.0295603,False,-0.32265,0.1,False,False
ac034815d5de7a0f,G1,2026/27,2026-08-30 18:00:00+00:00,1x2,H,BFE,lgbd_xg,0.074068,0.0988103,11.5,0.118768,False,0.255424,0.1,False,False
b162f31826ca0860,SP1,2026/27,2026-08-30 19:30:00+00:00,1x2,D,BFE,lgbd_xg,0.0513473,0.327625,3.35,0.306586,False,-0.0162961,0.1,False,False
c8b98d26eca6b53b,SP1,2026/27,2026-08-31 19:30:00+00:00,1x2,A,BFE,lgbd_xg,0.0778482,0.0617678,18.5,0.0316642,False,-0.593229,0.1,False,False
96070a98d58afe11,T1,2026/27,2026-09-04 17:00:00+00:00,1x2,D,BFE,lgbd_xg,0.0411501,0.232503,4.7,0.224551,False,0.00552354,0.1,False,False
d70ce2ef4ead7ace,D1,2026/27,2026-09-04 18:30:00+00:00,1x2,D,BFE,lgbd_xg,0.0442154,0.211038,5.2,0.181812,False,-0.1058,0.1,False,False
22e17ef03d146d87,P1,2026/27,2026-09-04 19:15:00+00:00,1x2,A,BFE,lgbd_xg,0.212314,0.0494822,26,0.0284872,False,-0.359626,0.1,False,False
3660ebc165e4f13b,E0,2026/27,2026-09-05 14:00:00+00:00,1x2,A,BFE,lgbd_xg,0.0460514,0.0616049,18,0.0567649,False,-0.0368002,0.1,False,False
fb6f42a70aedfe48,D1,2026/27,2026-09-05 16:30:00+00:00,1x2,H,BFE,lgbd_xg,0.397896,0.082326,18,0.0652854,False,0.10305,0.1,False,False
8a897864119773d8,P1,2026/27,2026-09-05 17:00:00+00:00,1x2,H,BFE,lgbd_xg,0.253971,0.0983507,13.5,0.0567649,False,-0.323305,0.1,False,False
4d2dac28cea264df,N1,2026/27,2026-09-06 12:30:00+00:00,1x2,D,BFE,lgbd_xg,0.0438275,0.248767,4.4,0.230394,False,-0.0338317,0.1,False,False
50c2526d2e00fd17,N1,2026/27,2026-09-06 12:30:00+00:00,1x2,D,BFE,lgbd_xg,0.0521001,0.250739,4.4,0.225978,True,-0.0531854,0.1,False,False
aa15952386628971,SP1,2026/27,2026-09-06 14:15:00+00:00,1x2,H,BFE,lgbd_xg,0.144718,0.10531,11.5,0.079333,False,-0.148095,0.1,False,False
961105b44d922fdc,SP1,2026/27,2026-09-06 19:00:00+00:00,1x2,D,BFE,lgbd_xg,0.0454274,0.330622,3.3,0.305478,True,-0.0346714,0.1,False,False
77be40efd3348279,P1,2026/27,2026-09-09 19:45:00+00:00,1x2,H,BFE,lgbd_xg,0.314716,0.0844391,16.5,0.0345622,False,-0.619647,0.1,False,False
982a9ad1b23b17e9,N1,2026/27,2026-09-11 18:00:00+00:00,1x2,D,BFE,lgbd_xg,0.0627866,0.119468,9.4,0.0955815,True,-0.162174,0.1,False,False
5acc70ea4b42a6ce,D1,2026/27,2026-09-12 13:30:00+00:00,1x2,D,BFE,lgbd_xg,0.0651084,0.259656,4.3,0.225567,False,-0.0776621,0.1,False,False
0d360a620f22fc37,E0,2026/27,2026-09-12 14:00:00+00:00,1x2,D,BFE,lgbd_xg,0.0534149,0.154279,7.2,0.128596,True,-0.130048,0.1,False,False
4cc2afca2ebe1400,D1,2026/27,2026-09-12 16:30:00+00:00,1x2,D,BFE,lgbd_xg,0.0631903,0.285344,3.9,0.253321,True,-0.0577616,0.1,False,False
56f5b8547f8df05c,P1,2026/27,2026-09-12 17:00:00+00:00,1x2,H,BFE,lgbd_xg,0.307847,0.0923621,15,0.0514769,False,-0.316202,0.1,False,False
635b69df582d2c30,SP1,2026/27,2026-09-12 19:00:00+00:00,1x2,A,BFE,lgbd_xg,0.241669,0.0488077,27,0.0463903,False,0.165657,0.1,False,False
7a6c716c904d4b56,SP1,2026/27,2026-09-13 14:15:00+00:00,1x2,H,BFE,lgbd_xg,0.492712,0.0811697,19.5,0.0603986,False,0.105018,0.1,False,False
44efa042867c944b,D1,2026/27,2026-09-13 15:30:00+00:00,1x2,H,BFE,lgbd_xg,0.353972,0.089667,16,0.0624962,False,-0.0579546,0.1,False,False
10eac5a497d31403,P1,2026/27,2026-09-13 17:00:00+00:00,1x2,A,BFE,lgbd_xg,0.121986,0.0540977,22,0.0318071,False,-0.416002,0.1,False,False
bd66cbb001f4d7ed,F1,2026/27,2026-09-13 18:45:00+00:00,1x2,H,BFE,lgbd_xg,0.123458,0.103354,11.5,0.0705362,False,-0.265623,0.1,False,False
d6381b0a3b41d9bd,N1,2026/27,2026-09-15 18:00:00+00:00,1x2,A,BFE,lgbd_xg,0.182176,0.0522624,24,0.0308089,False,-0.361117,0.1,False,False
23db6557c5d287d7,SP1,2026/27,2026-09-15 19:30:00+00:00,1x2,H,BFE,lgbd_xg,0.330363,0.0909339,15.5,0.0637799,False,-0.0692423,0.1,False,False
75ceac88ebea7c97,SP1,2026/27,2026-09-16 19:30:00+00:00,1x2,D,BFE,lgbd_xg,0.485524,0.0750265,21,0.0531273,False,0.0506169,0.1,False,False
7bd44cdcdccf2d2c,D1,2026/27,2026-09-18 18:30:00+00:00,1x2,A,BFE,lgbd_xg,0.570342,0.0333689,50,0.014574,False,-0.377096,0.1,False,False
4694105f5a415153,SP1,2026/27,2026-09-19 19:00:00+00:00,1x2,H,BFE,lgbd_xg,0.339732,0.0915743,15.5,0.0961044,False,0.340754,0.1,False,False
6a2dec45f0acda9c,N1,2026/27,2026-09-20 10:15:00+00:00,1x2,D,BFE,lgbd_xg,0.0686111,0.175874,6.4,0.158301,False,-0.0389112,0.1,False,False
d548086a39701ebd,F1,2026/27,2026-09-20 18:45:00+00:00,1x2,D,BFE,lgbd_xg,0.0659574,0.193388,5.8,0.184043,False,0.014339,0.1,False,False
7ab628ddd27d4910,I1,2026/27,2026-09-20 18:45:00+00:00,1x2,A,BFE,lgbd_xg,0.0716252,0.0810609,14,0.0616315,False,-0.204851,0.1,False,False
