div,season,market,phase,book,cover,n_played
B1,2012/13,1x2,pre,PS,0.992,240
B1,2012/13,1x2,close,PS,1.0,240
B1,2012/13,ou25,pre,Avg,1.0,240
B1,2012/13,ou25,close,none,0.0,240
B1,2013/14,1x2,pre,PS,0.996,240
B1,2013/14,1x2,close,PS,1.0,240
B1,2013/14,ou25,pre,Avg,1.0,240
B1,2013/14,ou25,close,none,0.0,240
B1,2014/15,1x2,pre,PS,0.988,240
B1,2014/15,1x2,close,PS,1.0,240
B1,2014/15,ou25,pre,Avg,1.0,240
B1,2014/15,ou25,close,none,0.0,240
B1,2015/16,1x2,pre,PS,1.0,240
B1,2015/16,1x2,close,PS,1.0,240
B1,2015/16,ou25,pre,Avg,1.0,240
B1,2015/16,ou25,close,none,0.0,240
B1,2016/17,1x2,pre,PS,0.963,240
B1,2016/17,1x2,close,PS,1.0,240
B1,2016/17,ou25,pre,Avg,1.0,240
B1,2016/17,ou25,close,none,0.0,240
B1,2017/18,1x2,pre,PS,0.996,240
B1,2017/18,1x2,close,PS,0.996,240
B1,2017/18,ou25,pre,Avg,1.0,240
B1,2017/18,ou25,close,none,0.0,240
B1,2018/19,1x2,pre,PS,0.996,240
B1,2018/19,1x2,close,PS,1.0,240
B1,2018/19,ou25,pre,Avg,1.0,240
B1,2018/19,ou25,close,none,0.0,240
B1,2019/20,1x2,pre,PS,1.0,232
B1,2019/20,1x2,close,PS,1.0,232
B1,2019/20,ou25,pre,PS,1.0,232
B1,2019/20,ou25,close,PS,1.0,232
B1,2020/21,1x2,pre,PS,0.997,306
B1,2020/21,1x2,close,PS,1.0,306
B1,2020/21,ou25,pre,PS,0.997,306
B1,2020/21,ou25,close,PS,1.0,306
B1,2021/22,1x2,pre,PS,0.997,306
B1,2021/22,1x2,close,PS,1.0,306
B1,2021/22,ou25,pre,PS,0.997,306
B1,2021/22,ou25,close,PS,1.0,306
B1,2022/23,1x2,pre,PS,0.993,306
B1,2022/23,1x2,close,PS,1.0,306
B1,2022/23,ou25,pre,PS,0.993,306
B1,2022/23,ou25,close,PS,1.0,306
B1,2023/24,1x2,pre,PS,1.0,312
B1,2023/24,1x2,close,PS,1.0,312
B1,2023/24,ou25,pre,PS,1.0,312
B1,2023/24,ou25,close,PS,1.0,312
B1,2024/25,1x2,pre,PS,0.997,312
B1,2024/25,1x2,close,PS,1.0,312
B1,2024/25,ou25,pre,PS,0.997,312
B1,2024/25,ou25,close,PS,1.0,312
B1,2025/26,1x2,pre,BFE,0.91,311
B1,2025/26,1x2,close,BFE,0.932,311
B1,2025/26,ou25,pre,BFE,0.875,311
B1,2025/26,ou25,close,BFE,0.929,311
B1,2026/27,1x2,pre,BFE,0.968,63
B1,2026/27,1x2,close,BFE,1.0,63
B1,2026/27,ou25,pre,BFE,0.968,63
B1,2026/27,ou25,close,BFE,1.0,63
D1,2012/13,1x2,pre,PS,1.0,306
D1,2012/13,1x2,close,PS,1.0,306
D1,2012/13,ou25,pre,Avg,1.0,306
D1,2012/13,ou25,close,none,0.0,306
D1,2013/14,1x2,pre,PS,1.0,306
D1,2013/14,1x2,close,PS,1.0,306
D1,2013/14,ou25,pre,Avg,1.0,306
D1,2013/14,ou25,close,none,0.0,306
D1,2014/15,1x2,pre,PS,1.0,306
D1,2014/15,1x2,close,PS,1.0,306
D1,2014/15,ou25,pre,Avg,1.0,306
D1,2014/15,ou25,close,none,0.0,306
D1,2015/16,1x2,pre,PS,1.0,306
D1,2015/16,1x2,close,PS,1.0,306
D1,2015/16,ou25,pre,Avg,1.0,306
D1,2015/16,ou25,close,none,0.0,306
D1,2016/17,1x2,pre,PS,1.0,306
D1,2016/17,1x2,close,PS,1.0,306
D1,2016/17,ou25,pre,Avg,1.0,306
D1,2016/17,ou25,close,none,0.0,306
D1,2017/18,1x2,pre,PS,1.0,306
D1,2017/18,1x2,close,PS,1.0,306
D1,2017/18,ou25,pre,Avg,1.0,306
D1,2017/18,ou25,close,none,0.0,306
D1,2018/19,1x2,pre,PS,0.997,306
D1,2018/19,1x2,close,PS,0.997,306
D1,2018/19,ou25,pre,Avg,1.0,306
D1,2018/19,ou25,close,none,0.0,306
D1,2019/20,1x2,pre,PS,1.0,306
D1,2019/20,1x2,close,PS,1.0,306
D1,2019/20,ou25,pre,PS,1.0,306
D1,2019/20,ou25,close,PS,1.0,306
D1,2020/21,1x2,pre,PS,1.0,306
D1,2020/21,1x2,close,PS,1.0,306
D1,2020/21,ou25,pre,PS,0.984,306
D1,2020/21,ou25,close,PS,0.984,306
D1,2021/22,1x2,pre,PS,1.0,306
D1,2021/22,1x2,close,PS,1.0,306
D1,2021/22,ou25,pre,PS,0.984,306
D1,2021/22,ou25,close,PS,0.987,306
D1,2022/23,1x2,pre,PS,1.0,306
D1,2022/23,1x2,close,PS,1.0,306
D1,2022/23,ou25,pre,PS,0.954,306
D1,2022/23,ou25,close,PS,0.961,306
D1,2023/24,1x2,pre,PS,1.0,306
D1,2023/24,1x2,close,PS,1.0,306
D1,2023/24,ou25,pre,PS,0.954,306
D1,2023/24,ou25,close,PS,0.958,306
D1,2024/25,1x2,pre,PS,1.0,306
D1,2024/25,1x2,close,PS,1.0,306
D1,2024/25,ou25,pre,PS,0.967,306
D1,2024/25,ou25,close,PS,0.967,306
D1,2025/26,1x2,pre,BFE,0.941,306
D1,2025/26,1x2,close,BFE,0.941,306
D1,2025/26,ou25,pre,BFE,0.941,306
D1,2025/26,ou25,close,BFE,0.941,306
D1,2026/27,1x2,pre,BFE,1.0,36
D1,2026/27,1x2,close,BFE,1.0,36
D1,2026/27,ou25,pre,BFE,1.0,36
D1,2026/27,ou25,close,BFE,1.0,36
D2,2012/13,1x2,pre,PS,1.0,306
D2,2012/13,1x2,close,PS,1.0,306
D2,2012/13,ou25,pre,Avg,1.0,306
D2,2012/13,ou25,close,none,0.0,306
D2,2013/14,1x2,pre,PS,1.0,306
D2,2013/14,1x2,close,PS,1.0,306
D2,2013/14,ou25,pre,Avg,1.0,306
D2,2013/14,ou25,close,none,0.0,306
D2,2014/15,1x2,pre,PS,1.0,306
D2,2014/15,1x2,close,PS,1.0,306
D2,2014/15,ou25,pre,Avg,1.0,306
D2,2014/15,ou25,close,none,0.0,306
D2,2015/16,1x2,pre,PS,0.997,306
D2,2015/16,1x2,close,PS,1.0,306
D2,2015/16,ou25,pre,Avg,1.0,306
D2,2015/16,ou25,close,none,0.0,306
D2,2016/17,1x2,pre,PS,0.997,306
D2,2016/17,1x2,close,PS,1.0,306
D2,2016/17,ou25,pre,Avg,1.0,306
D2,2016/17,ou25,close,none,0.0,306
D2,2017/18,1x2,pre,PS,1.0,306
D2,2017/18,1x2,close,PS,1.0,306
D2,2017/18,ou25,pre,Avg,1.0,306
D2,2017/18,ou25,close,none,0.0,306
D2,2018/19,1x2,pre,PS,1.0,306
D2,2018/19,1x2,close,PS,1.0,306
D2,2018/19,ou25,pre,Avg,1.0,306
D2,2018/19,ou25,close,none,0.0,306
D2,2019/20,1x2,pre,PS,0.997,306
D2,2019/20,1x2,close,PS,1.0,306
D2,2019/20,ou25,pre,PS,0.997,306
D2,2019/20,ou25,close,PS,1.0,306
D2,2020/21,1x2,pre,PS,0.987,306
D2,2020/21,1x2,close,PS,1.0,306
D2,2020/21,ou25,pre,PS,0.987,306
D2,2020/21,ou25,close,PS,1.0,306
D2,2021/22,1x2,pre,PS,0.997,306
D2,2021/22,1x2,close,PS,1.0,306
D2,2021/22,ou25,pre,PS,0.997,306
D2,2021/22,ou25,close,PS,1.0,306
D2,2022/23,1x2,pre,PS,1.0,306
D2,2022/23,1x2,close,PS,1.0,306
D2,2022/23,ou25,pre,PS,1.0,306
D2,2022/23,ou25,close,PS,1.0,306
D2,2023/24,1x2,pre,PS,1.0,306
D2,2023/24,1x2,close,PS,1.0,306
D2,2023/24,ou25,pre,PS,1.0,306
D2,2023/24,ou25,close,PS,1.0,306
D2,2024/25,1x2,pre,PS,1.0,306
D2,2024/25,1x2,close,PS,1.0,306
D2,2024/25,ou25,pre,PS,1.0,306
D2,2024/25,ou25,close,PS,1.0,306
D2,2025/26,1x2,pre,BFE,0.941,306
D2,2025/26,1x2,close,BFE,0.931,306
D2,2025/26,ou25,pre,BFE,0.941,306
D2,2025/26,ou25,close,BFE,0.931,306
D2,2026/27,1x2,pre,BFE,1.0,54
D2,2026/27,1x2,close,BFE,1.0,54
D2,2026/27,ou25,pre,BFE,1.0,54
D2,2026/27,ou25,close,BFE,1.0,54
E0,2012/13,1x2,pre,PS,1.0,380
E0,2012/13,1x2,close,PS,1.0,380
E0,2012/13,ou25,pre,Avg,1.0,380
E0,2012/13,ou25,close,none,0.0,380
E0,2013/14,1x2,pre,PS,1.0,380
E0,2013/14,1x2,close,PS,1.0,380
E0,2013/14,ou25,pre,Avg,1.0,380
E0,2013/14,ou25,close,none,0.0,380
E0,2014/15,1x2,pre,PS,1.0,380
E0,2014/15,1x2,close,PS,1.0,380
E0,2014/15,ou25,pre,Avg,1.0,380
E0,2014/15,ou25,close,none,0.0,380
E0,2015/16,1x2,pre,PS,1.0,380
E0,2015/16,1x2,close,PS,1.0,380
E0,2015/16,ou25,pre,Avg,1.0,380
E0,2015/16,ou25,close,none,0.0,380
E0,2016/17,1x2,pre,PS,1.0,380
E0,2016/17,1x2,close,PS,1.0,380
E0,2016/17,ou25,pre,Avg,1.0,380
E0,2016/17,ou25,close,none,0.0,380
E0,2017/18,1x2,pre,PS,1.0,380
E0,2017/18,1x2,close,PS,1.0,380
E0,2017/18,ou25,pre,Avg,1.0,380
E0,2017/18,ou25,close,none,0.0,380
E0,2018/19,1x2,pre,PS,1.0,380
E0,2018/19,1x2,close,PS,1.0,380
E0,2018/19,ou25,pre,Avg,1.0,380
E0,2018/19,ou25,close,none,0.0,380
E0,2019/20,1x2,pre,PS,1.0,380
E0,2019/20,1x2,close,PS,1.0,380
E0,2019/20,ou25,pre,PS,1.0,380
E0,2019/20,ou25,close,PS,1.0,380
E0,2020/21,1x2,pre,PS,1.0,380
E0,2020/21,1x2,close,PS,1.0,380
E0,2020/21,ou25,pre,PS,1.0,380
E0,2020/21,ou25,close,PS,1.0,380
E0,2021/22,1x2,pre,PS,1.0,380
E0,2021/22,1x2,close,PS,1.0,380
E0,2021/22,ou25,pre,PS,1.0,380
E0,2021/22,ou25,close,PS,1.0,380
E0,2022/23,1x2,pre,PS,1.0,380
E0,2022/23,1x2,close,PS,1.0,380
E0,2022/23,ou25,pre,PS,0.997,380
E0,2022/23,ou25,close,PS,0.997,380
E0,2023/24,1x2,pre,PS,1.0,380
E0,2023/24,1x2,close,PS,1.0,380
E0,2023/24,ou25,pre,PS,0.979,380
E0,2023/24,ou25,close,PS,0.982,380
E0,2024/25,1x2,pre,PS,1.0,380
E0,2024/25,1x2,close,PS,1.0,380
E0,2024/25,ou25,pre,PS,0.992,380
E0,2024/25,ou25,close,PS,0.992,380
E0,2025/26,1x2,pre,BFE,0.947,380
E0,2025/26,1x2,close,BFE,0.942,380
E0,2025/26,ou25,pre,BFE,0.947,380
E0,2025/26,ou25,close,BFE,0.942,380
E0,2026/27,1x2,pre,BFE,1.0,50
E0,2026/27,1x2,close,BFE,1.0,50
E0,2026/27,ou25,pre,BFE,1.0,50
E0,2026/27,ou25,close,BFE,1.0,50
E1,2012/13,1x2,pre,PS,1.0,552
E1,2012/13,1x2,close,PS,1.0,552
E1,2012/13,ou25,pre,Avg,1.0,552
E1,2012/13,ou25,close,none,0.0,552
E1,2013/14,1x2,pre,PS,1.0,552
E1,2013/14,1x2,close,PS,1.0,552
E1,2013/14,ou25,pre,Avg,1.0,552
E1,2013/14,ou25,close,none,0.0,552
E1,2014/15,1x2,pre,PS,1.0,552
E1,2014/15,1x2,close,PS,1.0,552
E1,2014/15,ou25,pre,Avg,1.0,552
E1,2014/15,ou25,close,none,0.0,552
E1,2015/16,1x2,pre,PS,1.0,552
E1,2015/16,1x2,close,PS,1.0,552
E1,2015/16,ou25,pre,Avg,1.0,552
E1,2015/16,ou25,close,none,0.0,552
E1,2016/17,1x2,pre,PS,1.0,552
E1,2016/17,1x2,close,PS,1.0,552
E1,2016/17,ou25,pre,Avg,1.0,552
E1,2016/17,ou25,close,none,0.0,552
E1,2017/18,1x2,pre,PS,1.0,552
E1,2017/18,1x2,close,PS,1.0,552
E1,2017/18,ou25,pre,Avg,1.0,552
E1,2017/18,ou25,close,none,0.0,552
E1,2018/19,1x2,pre,PS,0.998,552
E1,2018/19,1x2,close,PS,1.0,552
E1,2018/19,ou25,pre,Avg,1.0,552
E1,2018/19,ou25,close,none,0.0,552
E1,2019/20,1x2,pre,PS,0.998,552
E1,2019/20,1x2,close,PS,1.0,552
E1,2019/20,ou25,pre,PS,0.998,552
E1,2019/20,ou25,close,PS,1.0,552
E1,2020/21,1x2,pre,PS,0.998,552
E1,2020/21,1x2,close,PS,0.996,552
E1,2020/21,ou25,pre,PS,0.998,552
E1,2020/21,ou25,close,PS,0.996,552
E1,2021/22,1x2,pre,PS,1.0,552
E1,2021/22,1x2,close,PS,1.0,552
E1,2021/22,ou25,pre,PS,1.0,552
E1,2021/22,ou25,close,PS,1.0,552
E1,2022/23,1x2,pre,PS,1.0,552
E1,2022/23,1x2,close,PS,1.0,552
E1,2022/23,ou25,pre,PS,1.0,552
E1,2022/23,ou25,close,PS,1.0,552
E1,2023/24,1x2,pre,PS,1.0,552
E1,2023/24,1x2,close,PS,1.0,552
E1,2023/24,ou25,pre,PS,1.0,552
E1,2023/24,ou25,close,PS,1.0,552
E1,2024/25,1x2,pre,PS,1.0,552
E1,2024/25,1x2,close,PS,1.0,552
E1,2024/25,ou25,pre,PS,0.998,552
E1,2024/25,ou25,close,PS,1.0,552
E1,2025/26,1x2,pre,BFE,0.935,552
E1,2025/26,1x2,close,BFE,0.935,552
E1,2025/26,ou25,pre,BFE,0.931,552
E1,2025/26,ou25,close,BFE,0.935,552
E1,2026/27,1x2,pre,BFE,0.947,95
E1,2026/27,1x2,close,BFE,1.0,95
E1,2026/27,ou25,pre,BFE,0.947,95
E1,2026/27,ou25,close,BFE,1.0,95
E2,2012/13,1x2,pre,PS,0.975,552
E2,2012/13,1x2,close,PS,1.0,552
E2,2012/13,ou25,pre,Avg,1.0,552
E2,2012/13,ou25,close,none,0.0,552
E2,2013/14,1x2,pre,PS,1.0,552
E2,2013/14,1x2,close,PS,1.0,552
E2,2013/14,ou25,pre,Avg,1.0,552
E2,2013/14,ou25,close,none,0.0,552
E2,2014/15,1x2,pre,PS,1.0,552
E2,2014/15,1x2,close,PS,1.0,552
E2,2014/15,ou25,pre,Avg,1.0,552
E2,2014/15,ou25,close,none,0.0,552
E2,2015/16,1x2,pre,PS,0.998,552
E2,2015/16,1x2,close,PS,1.0,552
E2,2015/16,ou25,pre,Avg,1.0,552
E2,2015/16,ou25,close,none,0.0,552
E2,2016/17,1x2,pre,PS,1.0,552
E2,2016/17,1x2,close,PS,1.0,552
E2,2016/17,ou25,pre,Avg,1.0,552
E2,2016/17,ou25,close,none,0.0,552
E2,2017/18,1x2,pre,PS,1.0,552
E2,2017/18,1x2,close,PS,1.0,552
E2,2017/18,ou25,pre,Avg,1.0,552
E2,2017/18,ou25,close,none,0.0,552
E2,2018/19,1x2,pre,PS,1.0,552
E2,2018/19,1x2,close,PS,1.0,552
E2,2018/19,ou25,pre,Avg,1.0,552
E2,2018/19,ou25,close,none,0.0,552
E2,2019/20,1x2,pre,PS,0.975,400
E2,2019/20,1x2,close,PS,0.995,400
E2,2019/20,ou25,pre,PS,0.975,400
E2,2019/20,ou25,close,PS,0.995,400
E2,2020/21,1x2,pre,PS,0.998,552
E2,2020/21,1x2,close,PS,0.991,552
E2,2020/21,ou25,pre,PS,0.998,552
E2,2020/21,ou25,close,PS,0.991,552
E2,2021/22,1x2,pre,PS,1.0,552
E2,2021/22,1x2,close,PS,1.0,552
E2,2021/22,ou25,pre,PS,1.0,552
E2,2021/22,ou25,close,PS,1.0,552
E2,2022/23,1x2,pre,PS,1.0,552
E2,2022/23,1x2,close,PS,1.0,552
E2,2022/23,ou25,pre,PS,1.0,552
E2,2022/23,ou25,close,PS,1.0,552
E2,2023/24,1x2,pre,PS,1.0,552
E2,2023/24,1x2,close,PS,1.0,552
E2,2023/24,ou25,pre,PS,1.0,552
E2,2023/24,ou25,close,PS,1.0,552
E2,2024/25,1x2,pre,PS,1.0,552
E2,2024/25,1x2,close,PS,1.0,552
E2,2024/25,ou25,pre,PS,1.0,552
E2,2024/25,ou25,close,PS,1.0,552
E2,2025/26,1x2,pre,BFE,0.94,552
E2,2025/26,1x2,close,BFE,0.94,552
E2,2025/26,ou25,pre,BFE,0.94,552
E2,2025/26,ou25,close,BFE,0.94,552
E2,2026/27,1x2,pre,BFE,1.0,90
E2,2026/27,1x2,close,BFE,1.0,90
E2,2026/27,ou25,pre,BFE,0.989,90
E2,2026/27,ou25,close,BFE,1.0,90
E3,2012/13,1x2,pre,PS,0.998,552
E3,2012/13,1x2,close,PS,0.996,552
E3,2012/13,ou25,pre,Avg,1.0,552
E3,2012/13,ou25,close,none,0.0,552
E3,2013/14,1x2,pre,PS,1.0,552
E3,2013/14,1x2,close,PS,1.0,552
E3,2013/14,ou25,pre,Avg,1.0,552
E3,2013/14,ou25,close,none,0.0,552
E3,2014/15,1x2,pre,PS,1.0,552
E3,2014/15,1x2,close,PS,1.0,552
E3,2014/15,ou25,pre,Avg,1.0,552
E3,2014/15,ou25,close,none,0.0,552
E3,2015/16,1x2,pre,PS,0.998,552
E3,2015/16,1x2,close,PS,1.0,552
E3,2015/16,ou25,pre,Avg,1.0,552
E3,2015/16,ou25,close,none,0.0,552
E3,2016/17,1x2,pre,PS,0.998,552
E3,2016/17,1x2,close,PS,1.0,552
E3,2016/17,ou25,pre,Avg,1.0,552
E3,2016/17,ou25,close,none,0.0,552
E3,2017/18,1x2,pre,PS,0.998,552
E3,2017/18,1x2,close,PS,1.0,552
E3,2017/18,ou25,pre,Avg,1.0,552
E3,2017/18,ou25,close,none,0.0,552
E3,2018/19,1x2,pre,PS,0.998,552
E3,2018/19,1x2,close,PS,0.996,552
E3,2018/19,ou25,pre,Avg,1.0,552
E3,2018/19,ou25,close,none,0.0,552
E3,2019/20,1x2,pre,PS,0.968,440
E3,2019/20,1x2,close,PS,0.995,440
E3,2019/20,ou25,pre,PS,0.968,440
E3,2019/20,ou25,close,PS,0.995,440
E3,2020/21,1x2,pre,PS,1.0,552
E3,2020/21,1x2,close,PS,1.0,552
E3,2020/21,ou25,pre,PS,1.0,552
E3,2020/21,ou25,close,PS,1.0,552
E3,2021/22,1x2,pre,PS,1.0,552
E3,2021/22,1x2,close,PS,1.0,552
E3,2021/22,ou25,pre,PS,1.0,552
E3,2021/22,ou25,close,PS,1.0,552
E3,2022/23,1x2,pre,PS,0.998,552
E3,2022/23,1x2,close,PS,0.998,552
E3,2022/23,ou25,pre,PS,0.998,552
E3,2022/23,ou25,close,PS,0.998,552
E3,2023/24,1x2,pre,PS,1.0,552
E3,2023/24,1x2,close,PS,1.0,552
E3,2023/24,ou25,pre,PS,1.0,552
E3,2023/24,ou25,close,PS,1.0,552
E3,2024/25,1x2,pre,PS,0.996,552
E3,2024/25,1x2,close,PS,1.0,552
E3,2024/25,ou25,pre,PS,0.996,552
E3,2024/25,ou25,close,PS,1.0,552
E3,2025/26,1x2,pre,BFE,0.951,552
E3,2025/26,1x2,close,BFE,0.953,552
E3,2025/26,ou25,pre,BFE,0.951,552
E3,2025/26,ou25,close,BFE,0.953,552
E3,2026/27,1x2,pre,BFE,0.971,102
E3,2026/27,1x2,close,BFE,1.0,102
E3,2026/27,ou25,pre,BFE,0.971,102
E3,2026/27,ou25,close,BFE,1.0,102
F1,2012/13,1x2,pre,PS,0.997,380
F1,2012/13,1x2,close,PS,1.0,380
F1,2012/13,ou25,pre,Avg,1.0,380
F1,2012/13,ou25,close,none,0.0,380
F1,2013/14,1x2,pre,PS,1.0,380
F1,2013/14,1x2,close,PS,1.0,380
F1,2013/14,ou25,pre,Avg,1.0,380
F1,2013/14,ou25,close,none,0.0,380
F1,2014/15,1x2,pre,PS,1.0,380
F1,2014/15,1x2,close,PS,1.0,380
F1,2014/15,ou25,pre,Avg,1.0,380
F1,2014/15,ou25,close,none,0.0,380
F1,2015/16,1x2,pre,PS,1.0,380
F1,2015/16,1x2,close,PS,1.0,380
F1,2015/16,ou25,pre,Avg,1.0,380
F1,2015/16,ou25,close,none,0.0,380
F1,2016/17,1x2,pre,PS,0.995,380
F1,2016/17,1x2,close,PS,1.0,380
F1,2016/17,ou25,pre,Avg,1.0,380
F1,2016/17,ou25,close,none,0.0,380
F1,2017/18,1x2,pre,PS,0.992,380
F1,2017/18,1x2,close,PS,1.0,380
F1,2017/18,ou25,pre,Avg,1.0,380
F1,2017/18,ou25,close,none,0.0,380
F1,2018/19,1x2,pre,PS,0.997,380
F1,2018/19,1x2,close,PS,1.0,380
F1,2018/19,ou25,pre,Avg,1.0,380
F1,2018/19,ou25,close,none,0.0,380
F1,2019/20,1x2,pre,PS,1.0,279
F1,2019/20,1x2,close,PS,1.0,279
F1,2019/20,ou25,pre,PS,0.996,279
F1,2019/20,ou25,close,PS,1.0,279
F1,2020/21,1x2,pre,PS,0.995,380
F1,2020/21,1x2,close,PS,1.0,380
F1,2020/21,ou25,pre,PS,0.995,380
F1,2020/21,ou25,close,PS,1.0,380
F1,2021/22,1x2,pre,PS,1.0,380
F1,2021/22,1x2,close,PS,1.0,380
F1,2021/22,ou25,pre,PS,1.0,380
F1,2021/22,ou25,close,PS,1.0,380
F1,2022/23,1x2,pre,PS,1.0,380
F1,2022/23,1x2,close,PS,1.0,380
F1,2022/23,ou25,pre,PS,0.989,380
F1,2022/23,ou25,close,PS,0.995,380
F1,2023/24,1x2,pre,PS,1.0,306
F1,2023/24,1x2,close,PS,1.0,306
F1,2023/24,ou25,pre,PS,1.0,306
F1,2023/24,ou25,close,PS,1.0,306
F1,2024/25,1x2,pre,PS,1.0,306
F1,2024/25,1x2,close,PS,1.0,306
F1,2024/25,ou25,pre,PS,0.99,306
F1,2024/25,ou25,close,PS,0.99,306
F1,2025/26,1x2,pre,BFE,0.938,306
F1,2025/26,1x2,close,BFE,0.938,306
F1,2025/26,ou25,pre,BFE,0.938,306
F1,2025/26,ou25,close,BFE,0.938,306
F1,2026/27,1x2,pre,BFE,1.0,45
F1,2026/27,1x2,close,BFE,1.0,45
F1,2026/27,ou25,pre,BFE,1.0,45
F1,2026/27,ou25,close,BFE,1.0,45
F2,2012/13,1x2,pre,PS,1.0,380
F2,2012/13,1x2,close,PS,1.0,380
F2,2012/13,ou25,pre,Avg,0.974,380
F2,2012/13,ou25,close,none,0.0,380
F2,2013/14,1x2,pre,PS,0.997,380
F2,2013/14,1x2,close,PS,1.0,380
F2,2013/14,ou25,pre,Avg,1.0,380
F2,2013/14,ou25,close,none,0.0,380
F2,2014/15,1x2,pre,PS,1.0,380
F2,2014/15,1x2,close,PS,1.0,380
F2,2014/15,ou25,pre,Avg,1.0,380
F2,2014/15,ou25,close,none,0.0,380
F2,2015/16,1x2,pre,PS,1.0,380
F2,2015/16,1x2,close,PS,1.0,380
F2,2015/16,ou25,pre,Avg,1.0,380
F2,2015/16,ou25,close,none,0.0,380
F2,2016/17,1x2,pre,PS,0.989,380
F2,2016/17,1x2,close,PS,1.0,380
F2,2016/17,ou25,pre,Avg,1.0,380
F2,2016/17,ou25,close,none,0.0,380
F2,2017/18,1x2,pre,PS,0.997,380
F2,2017/18,1x2,close,PS,1.0,380
F2,2017/18,ou25,pre,Avg,1.0,380
F2,2017/18,ou25,close,none,0.0,380
F2,2018/19,1x2,pre,PS,0.992,380
F2,2018/19,1x2,close,PS,1.0,380
F2,2018/19,ou25,pre,Avg,1.0,380
F2,2018/19,ou25,close,none,0.0,380
F2,2019/20,1x2,pre,PS,0.989,280
F2,2019/20,1x2,close,PS,1.0,280
F2,2019/20,ou25,pre,PS,0.989,280
F2,2019/20,ou25,close,PS,1.0,280
F2,2020/21,1x2,pre,PS,0.997,380
F2,2020/21,1x2,close,PS,1.0,380
F2,2020/21,ou25,pre,PS,0.997,380
F2,2020/21,ou25,close,PS,1.0,380
F2,2021/22,1x2,pre,PS,1.0,380
F2,2021/22,1x2,close,PS,1.0,380
F2,2021/22,ou25,pre,PS,1.0,380
F2,2021/22,ou25,close,PS,1.0,380
F2,2022/23,1x2,pre,PS,0.987,380
F2,2022/23,1x2,close,PS,1.0,380
F2,2022/23,ou25,pre,PS,0.987,380
F2,2022/23,ou25,close,PS,1.0,380
F2,2023/24,1x2,pre,PS,1.0,379
F2,2023/24,1x2,close,PS,1.0,379
F2,2023/24,ou25,pre,PS,1.0,379
F2,2023/24,ou25,close,PS,1.0,379
F2,2024/25,1x2,pre,PS,1.0,306
F2,2024/25,1x2,close,PS,1.0,306
F2,2024/25,ou25,pre,PS,1.0,306
F2,2024/25,ou25,close,PS,1.0,306
F2,2025/26,1x2,pre,BFE,0.921,305
F2,2025/26,1x2,close,BFE,0.938,305
F2,2025/26,ou25,pre,BFE,0.882,305
F2,2025/26,ou25,close,BFE,0.938,305
F2,2026/27,1x2,pre,BFE,0.968,63
F2,2026/27,1x2,close,BFE,1.0,63
F2,2026/27,ou25,pre,BFE,0.921,63
F2,2026/27,ou25,close,BFE,1.0,63
G1,2012/13,1x2,pre,PS,0.904,240
G1,2012/13,1x2,close,PS,0.929,240
G1,2012/13,ou25,pre,Avg,0.967,240
G1,2012/13,ou25,close,none,0.0,240
G1,2013/14,1x2,pre,PS,0.83,306
G1,2013/14,1x2,close,PS,0.938,306
G1,2013/14,ou25,pre,Avg,0.971,306
G1,2013/14,ou25,close,none,0.0,306
G1,2014/15,1x2,pre,PS,0.728,305
G1,2014/15,1x2,close,PS,0.846,305
G1,2014/15,ou25,pre,Avg,0.921,305
G1,2014/15,ou25,close,none,0.0,305
G1,2015/16,1x2,pre,PS,0.904,240
G1,2015/16,1x2,close,PS,0.946,240
G1,2015/16,ou25,pre,Avg,1.0,240
G1,2015/16,ou25,close,none,0.0,240
G1,2016/17,1x2,pre,PS,0.796,240
G1,2016/17,1x2,close,PS,0.95,240
G1,2016/17,ou25,pre,Avg,1.0,240
G1,2016/17,ou25,close,none,0.0,240
G1,2017/18,1x2,pre,PS,0.75,240
G1,2017/18,1x2,close,PS,0.921,240
G1,2017/18,ou25,pre,Avg,1.0,240
G1,2017/18,ou25,close,none,0.0,240
G1,2018/19,1x2,pre,PS,0.87,239
G1,2018/19,1x2,close,PS,1.0,239
G1,2018/19,ou25,pre,Avg,1.0,239
G1,2018/19,ou25,close,none,0.0,239
G1,2019/20,1x2,pre,PS,0.917,240
G1,2019/20,1x2,close,PS,1.0,240
G1,2019/20,ou25,pre,PS,0.917,240
G1,2019/20,ou25,close,PS,1.0,240
G1,2020/21,1x2,pre,PS,0.929,240
G1,2020/21,1x2,close,PS,1.0,240
G1,2020/21,ou25,pre,PS,0.929,240
G1,2020/21,ou25,close,PS,1.0,240
G1,2021/22,1x2,pre,PS,1.0,240
G1,2021/22,1x2,close,PS,1.0,240
G1,2021/22,ou25,pre,PS,1.0,240
G1,2021/22,ou25,close,PS,1.0,240
G1,2022/23,1x2,pre,PS,0.996,240
G1,2022/23,1x2,close,PS,1.0,240
G1,2022/23,ou25,pre,PS,0.996,240
G1,2022/23,ou25,close,PS,1.0,240
G1,2023/24,1x2,pre,PS,1.0,240
G1,2023/24,1x2,close,PS,1.0,240
G1,2023/24,ou25,pre,PS,1.0,240
G1,2023/24,ou25,close,PS,1.0,240
G1,2024/25,1x2,pre,PS,1.0,233
G1,2024/25,1x2,close,PS,1.0,233
G1,2024/25,ou25,pre,PS,1.0,233
G1,2024/25,ou25,close,PS,1.0,233
G1,2025/26,1x2,pre,BFE,0.881,236
G1,2025/26,1x2,close,BFE,0.945,236
G1,2025/26,ou25,pre,BFE,0.877,236
G1,2025/26,ou25,close,BFE,0.945,236
G1,2026/27,1x2,pre,BFE,0.914,35
G1,2026/27,1x2,close,BFE,1.0,35
G1,2026/27,ou25,pre,BFE,0.914,35
G1,2026/27,ou25,close,BFE,1.0,35
I1,2012/13,1x2,pre,PS,0.992,380
I1,2012/13,1x2,close,PS,0.995,380
I1,2012/13,ou25,pre,Avg,1.0,380
I1,2012/13,ou25,close,none,0.0,380
I1,2013/14,1x2,pre,PS,0.997,380
I1,2013/14,1x2,close,PS,1.0,380
I1,2013/14,ou25,pre,Avg,1.0,380
I1,2013/14,ou25,close,none,0.0,380
I1,2014/15,1x2,pre,PS,1.0,380
I1,2014/15,1x2,close,PS,1.0,380
I1,2014/15,ou25,pre,Avg,1.0,380
I1,2014/15,ou25,close,none,0.0,380
I1,2015/16,1x2,pre,PS,1.0,380
I1,2015/16,1x2,close,PS,1.0,380
I1,2015/16,ou25,pre,Avg,1.0,380
I1,2015/16,ou25,close,none,0.0,380
I1,2016/17,1x2,pre,PS,0.992,380
I1,2016/17,1x2,close,PS,1.0,380
I1,2016/17,ou25,pre,Avg,1.0,380
I1,2016/17,ou25,close,none,0.0,380
I1,2017/18,1x2,pre,PS,0.997,380
I1,2017/18,1x2,close,PS,1.0,380
I1,2017/18,ou25,pre,Avg,1.0,380
I1,2017/18,ou25,close,none,0.0,380
I1,2018/19,1x2,pre,PS,1.0,380
I1,2018/19,1x2,close,PS,1.0,380
I1,2018/19,ou25,pre,Avg,1.0,380
I1,2018/19,ou25,close,none,0.0,380
I1,2019/20,1x2,pre,PS,1.0,380
I1,2019/20,1x2,close,PS,1.0,380
I1,2019/20,ou25,pre,PS,1.0,380
I1,2019/20,ou25,close,PS,1.0,380
I1,2020/21,1x2,pre,PS,0.995,380
I1,2020/21,1x2,close,PS,1.0,380
I1,2020/21,ou25,pre,PS,0.995,380
I1,2020/21,ou25,close,PS,1.0,380
I1,2021/22,1x2,pre,PS,0.997,380
I1,2021/22,1x2,close,PS,1.0,380
I1,2021/22,ou25,pre,PS,0.997,380
I1,2021/22,ou25,close,PS,1.0,380
I1,2022/23,1x2,pre,PS,1.0,380
I1,2022/23,1x2,close,PS,1.0,380
I1,2022/23,ou25,pre,PS,1.0,380
I1,2022/23,ou25,close,PS,1.0,380
I1,2023/24,1x2,pre,PS,1.0,380
I1,2023/24,1x2,close,PS,1.0,380
I1,2023/24,ou25,pre,PS,1.0,380
I1,2023/24,ou25,close,PS,1.0,380
I1,2024/25,1x2,pre,PS,1.0,380
I1,2024/25,1x2,close,PS,1.0,380
I1,2024/25,ou25,pre,PS,0.997,380
I1,2024/25,ou25,close,PS,1.0,380
I1,2025/26,1x2,pre,BFE,0.947,380
I1,2025/26,1x2,close,BFE,0.945,380
I1,2025/26,ou25,pre,BFE,0.945,380
I1,2025/26,ou25,close,BFE,0.945,380
I1,2026/27,1x2,pre,BFE,1.0,50
I1,2026/27,1x2,close,BFE,1.0,50
I1,2026/27,ou25,pre,BFE,1.0,50
I1,2026/27,ou25,close,BFE,1.0,50
I2,2012/13,1x2,pre,PS,0.963,462
I2,2012/13,1x2,close,PS,0.968,462
I2,2012/13,ou25,pre,Avg,0.996,462
I2,2012/13,ou25,close,none,0.0,462
I2,2013/14,1x2,pre,PS,0.87,462
I2,2013/14,1x2,close,PS,0.996,462
I2,2013/14,ou25,pre,Avg,1.0,462
I2,2013/14,ou25,close,none,0.0,462
I2,2014/15,1x2,pre,PS,0.996,462
I2,2014/15,1x2,close,PS,0.996,462
I2,2014/15,ou25,pre,Avg,1.0,462
I2,2014/15,ou25,close,none,0.0,462
I2,2015/16,1x2,pre,PS,0.989,462
I2,2015/16,1x2,close,PS,0.996,462
I2,2015/16,ou25,pre,Avg,1.0,462
I2,2015/16,ou25,close,none,0.0,462
I2,2016/17,1x2,pre,PS,0.959,462
I2,2016/17,1x2,close,PS,0.996,462
I2,2016/17,ou25,pre,Avg,1.0,462
I2,2016/17,ou25,close,none,0.0,462
I2,2017/18,1x2,pre,PS,0.985,462
I2,2017/18,1x2,close,PS,0.996,462
I2,2017/18,ou25,pre,Avg,1.0,462
I2,2017/18,ou25,close,none,0.0,462
I2,2018/19,1x2,pre,PS,0.944,342
I2,2018/19,1x2,close,PS,1.0,342
I2,2018/19,ou25,pre,Avg,1.0,342
I2,2018/19,ou25,close,none,0.0,342
I2,2019/20,1x2,pre,PS,0.976,380
I2,2019/20,1x2,close,PS,0.984,380
I2,2019/20,ou25,pre,PS,0.976,380
I2,2019/20,ou25,close,PS,0.984,380
I2,2020/21,1x2,pre,PS,0.979,380
I2,2020/21,1x2,close,PS,0.997,380
I2,2020/21,ou25,pre,PS,0.979,380
I2,2020/21,ou25,close,PS,0.997,380
I2,2021/22,1x2,pre,PS,1.0,380
I2,2021/22,1x2,close,PS,1.0,380
I2,2021/22,ou25,pre,PS,1.0,380
I2,2021/22,ou25,close,PS,1.0,380
I2,2022/23,1x2,pre,PS,0.992,380
I2,2022/23,1x2,close,PS,1.0,380
I2,2022/23,ou25,pre,PS,0.992,380
I2,2022/23,ou25,close,PS,1.0,380
I2,2023/24,1x2,pre,PS,0.997,380
I2,2023/24,1x2,close,PS,1.0,380
I2,2023/24,ou25,pre,PS,0.997,380
I2,2023/24,ou25,close,PS,1.0,380
I2,2024/25,1x2,pre,PS,1.0,380
I2,2024/25,1x2,close,PS,1.0,380
I2,2024/25,ou25,pre,PS,1.0,380
I2,2024/25,ou25,close,PS,1.0,380
I2,2025/26,1x2,pre,BFE,0.9,380
I2,2025/26,1x2,close,BFE,0.945,380
I2,2025/26,ou25,pre,BFE,0.895,380
I2,2025/26,ou25,close,BFE,0.945,380
I2,2026/27,1x2,pre,BFE,0.94,50
I2,2026/27,1x2,close,BFE,1.0,50
I2,2026/27,ou25,pre,BFE,0.92,50
I2,2026/27,ou25,close,BFE,0.98,50
N1,2012/13,1x2,pre,PS,0.928,306
N1,2012/13,1x2,close,PS,0.99,306
N1,2012/13,ou25,pre,Avg,1.0,306
N1,2012/13,ou25,close,none,0.0,306
N1,2013/14,1x2,pre,PS,0.987,306
N1,2013/14,1x2,close,PS,1.0,306
N1,2013/14,ou25,pre,Avg,1.0,306
N1,2013/14,ou25,close,none,0.0,306
N1,2014/15,1x2,pre,PS,0.993,306
N1,2014/15,1x2,close,PS,0.997,306
N1,2014/15,ou25,pre,Avg,1.0,306
N1,2014/15,ou25,close,none,0.0,306
N1,2015/16,1x2,pre,PS,0.997,306
N1,2015/16,1x2,close,PS,1.0,306
N1,2015/16,ou25,pre,Avg,1.0,306
N1,2015/16,ou25,close,none,0.0,306
N1,2016/17,1x2,pre,PS,0.99,306
N1,2016/17,1x2,close,PS,1.0,306
N1,2016/17,ou25,pre,Avg,1.0,306
N1,2016/17,ou25,close,none,0.0,306
N1,2017/18,1x2,pre,PS,0.948,306
N1,2017/18,1x2,close,PS,0.99,306
N1,2017/18,ou25,pre,Avg,1.0,306
N1,2017/18,ou25,close,none,0.0,306
N1,2018/19,1x2,pre,PS,0.987,306
N1,2018/19,1x2,close,PS,1.0,306
N1,2018/19,ou25,pre,Avg,1.0,306
N1,2018/19,ou25,close,none,0.0,306
N1,2019/20,1x2,pre,PS,1.0,232
N1,2019/20,1x2,close,PS,1.0,232
N1,2019/20,ou25,pre,PS,0.978,232
N1,2019/20,ou25,close,PS,0.991,232
N1,2020/21,1x2,pre,PS,1.0,306
N1,2020/21,1x2,close,PS,1.0,306
N1,2020/21,ou25,pre,PS,1.0,306
N1,2020/21,ou25,close,PS,0.997,306
N1,2021/22,1x2,pre,PS,1.0,306
N1,2021/22,1x2,close,PS,1.0,306
N1,2021/22,ou25,pre,PS,1.0,306
N1,2021/22,ou25,close,PS,1.0,306
N1,2022/23,1x2,pre,PS,1.0,306
N1,2022/23,1x2,close,PS,1.0,306
N1,2022/23,ou25,pre,PS,1.0,306
N1,2022/23,ou25,close,PS,1.0,306
N1,2023/24,1x2,pre,PS,1.0,306
N1,2023/24,1x2,close,PS,1.0,306
N1,2023/24,ou25,pre,PS,1.0,306
N1,2023/24,ou25,close,PS,1.0,306
N1,2024/25,1x2,pre,PS,1.0,306
N1,2024/25,1x2,close,PS,1.0,306
N1,2024/25,ou25,pre,PS,1.0,306
N1,2024/25,ou25,close,PS,1.0,306
N1,2025/26,1x2,pre,BFE,0.941,306
N1,2025/26,1x2,close,BFE,0.938,306
N1,2025/26,ou25,pre,BFE,0.935,306
N1,2025/26,ou25,close,BFE,0.938,306
N1,2026/27,1x2,pre,BFE,1.0,63
N1,2026/27,1x2,close,BFE,1.0,63
N1,2026/27,ou25,pre,BFE,0.984,63
N1,2026/27,ou25,close,BFE,1.0,63
P1,2012/13,1x2,pre,PS,0.967,240
P1,2012/13,1x2,close,PS,0.996,240
P1,2012/13,ou25,pre,Avg,1.0,240
P1,2012/13,ou25,close,none,0.0,240
P1,2013/14,1x2,pre,PS,0.992,240
P1,2013/14,1x2,close,PS,1.0,240
P1,2013/14,ou25,pre,Avg,1.0,240
P1,2013/14,ou25,close,none,0.0,240
P1,2014/15,1x2,pre,PS,0.984,306
P1,2014/15,1x2,close,PS,0.997,306
P1,2014/15,ou25,pre,Avg,1.0,306
P1,2014/15,ou25,close,none,0.0,306
P1,2015/16,1x2,pre,PS,0.997,306
P1,2015/16,1x2,close,PS,1.0,306
P1,2015/16,ou25,pre,Avg,0.997,306
P1,2015/16,ou25,close,none,0.0,306
P1,2016/17,1x2,pre,PS,0.997,306
P1,2016/17,1x2,close,PS,1.0,306
P1,2016/17,ou25,pre,Avg,1.0,306
P1,2016/17,ou25,close,none,0.0,306
P1,2017/18,1x2,pre,PS,0.98,306
P1,2017/18,1x2,close,PS,0.993,306
P1,2017/18,ou25,pre,Avg,1.0,306
P1,2017/18,ou25,close,none,0.0,306
P1,2018/19,1x2,pre,PS,0.974,306
P1,2018/19,1x2,close,PS,1.0,306
P1,2018/19,ou25,pre,Avg,1.0,306
P1,2018/19,ou25,close,none,0.0,306
P1,2019/20,1x2,pre,PS,0.997,306
P1,2019/20,1x2,close,PS,1.0,306
P1,2019/20,ou25,pre,PS,0.997,306
P1,2019/20,ou25,close,PS,1.0,306
P1,2020/21,1x2,pre,PS,0.997,306
P1,2020/21,1x2,close,PS,0.997,306
P1,2020/21,ou25,pre,PS,0.997,306
P1,2020/21,ou25,close,PS,0.997,306
P1,2021/22,1x2,pre,PS,1.0,306
P1,2021/22,1x2,close,PS,1.0,306
P1,2021/22,ou25,pre,PS,1.0,306
P1,2021/22,ou25,close,PS,1.0,306
P1,2022/23,1x2,pre,PS,1.0,306
P1,2022/23,1x2,close,PS,1.0,306
P1,2022/23,ou25,pre,PS,1.0,306
P1,2022/23,ou25,close,PS,1.0,306
P1,2023/24,1x2,pre,PS,0.997,306
P1,2023/24,1x2,close,PS,1.0,306
P1,2023/24,ou25,pre,PS,0.997,306
P1,2023/24,ou25,close,PS,1.0,306
P1,2024/25,1x2,pre,PS,1.0,306
P1,2024/25,1x2,close,PS,1.0,306
P1,2024/25,ou25,pre,PS,1.0,306
P1,2024/25,ou25,close,PS,1.0,306
P1,2025/26,1x2,pre,BFE,0.925,306
P1,2025/26,1x2,close,BFE,0.931,306
P1,2025/26,ou25,pre,BFE,0.82,306
P1,2025/26,ou25,close,BFE,0.931,306
P1,2026/27,1x2,pre,BFE,0.984,62
P1,2026/27,1x2,close,BFE,0.984,62
P1,2026/27,ou25,pre,BFE,0.887,62
P1,2026/27,ou25,close,BFE,1.0,62
SC0,2012/13,1x2,pre,PS,0.974,228
SC0,2012/13,1x2,close,PS,1.0,228
SC0,2012/13,ou25,pre,Avg,1.0,228
SC0,2012/13,ou25,close,none,0.0,228
SC0,2013/14,1x2,pre,PS,0.991,228
SC0,2013/14,1x2,close,PS,1.0,228
SC0,2013/14,ou25,pre,Avg,1.0,228
SC0,2013/14,ou25,close,none,0.0,228
SC0,2014/15,1x2,pre,PS,0.996,228
SC0,2014/15,1x2,close,PS,0.996,228
SC0,2014/15,ou25,pre,Avg,1.0,228
SC0,2014/15,ou25,close,none,0.0,228
SC0,2015/16,1x2,pre,PS,0.978,228
SC0,2015/16,1x2,close,PS,1.0,228
SC0,2015/16,ou25,pre,Avg,1.0,228
SC0,2015/16,ou25,close,none,0.0,228
SC0,2016/17,1x2,pre,PS,0.991,228
SC0,2016/17,1x2,close,PS,1.0,228
SC0,2016/17,ou25,pre,Avg,1.0,228
SC0,2016/17,ou25,close,none,0.0,228
SC0,2017/18,1x2,pre,PS,0.982,228
SC0,2017/18,1x2,close,PS,1.0,228
SC0,2017/18,ou25,pre,Avg,1.0,228
SC0,2017/18,ou25,close,none,0.0,228
SC0,2018/19,1x2,pre,PS,0.996,228
SC0,2018/19,1x2,close,PS,1.0,228
SC0,2018/19,ou25,pre,Avg,1.0,228
SC0,2018/19,ou25,close,none,0.0,228
SC0,2019/20,1x2,pre,PS,1.0,179
SC0,2019/20,1x2,close,PS,1.0,179
SC0,2019/20,ou25,pre,PS,1.0,179
SC0,2019/20,ou25,close,PS,1.0,179
SC0,2020/21,1x2,pre,PS,0.956,228
SC0,2020/21,1x2,close,PS,0.996,228
SC0,2020/21,ou25,pre,PS,0.956,228
SC0,2020/21,ou25,close,PS,0.996,228
SC0,2021/22,1x2,pre,PS,1.0,228
SC0,2021/22,1x2,close,PS,1.0,228
SC0,2021/22,ou25,pre,PS,1.0,228
SC0,2021/22,ou25,close,PS,1.0,228
SC0,2022/23,1x2,pre,PS,1.0,228
SC0,2022/23,1x2,close,PS,1.0,228
SC0,2022/23,ou25,pre,PS,1.0,228
SC0,2022/23,ou25,close,PS,1.0,228
SC0,2023/24,1x2,pre,PS,1.0,228
SC0,2023/24,1x2,close,PS,1.0,228
SC0,2023/24,ou25,pre,PS,1.0,228
SC0,2023/24,ou25,close,PS,1.0,228
SC0,2024/25,1x2,pre,PS,1.0,228
SC0,2024/25,1x2,close,PS,1.0,228
SC0,2024/25,ou25,pre,PS,1.0,228
SC0,2024/25,ou25,close,PS,1.0,228
SC0,2025/26,1x2,pre,BFE,0.947,228
SC0,2025/26,1x2,close,BFE,0.947,228
SC0,2025/26,ou25,pre,BFE,0.93,228
SC0,2025/26,ou25,close,BFE,0.947,228
SC0,2026/27,1x2,pre,BFE,1.0,42
SC0,2026/27,1x2,close,BFE,1.0,42
SC0,2026/27,ou25,pre,BFE,1.0,42
SC0,2026/27,ou25,close,BFE,1.0,42
SP1,2012/13,1x2,pre,PS,1.0,380
SP1,2012/13,1x2,close,PS,1.0,380
SP1,2012/13,ou25,pre,Avg,1.0,380
SP1,2012/13,ou25,close,none,0.0,380
SP1,2013/14,1x2,pre,PS,1.0,380
SP1,2013/14,1x2,close,PS,1.0,380
SP1,2013/14,ou25,pre,Avg,1.0,380
SP1,2013/14,ou25,close,none,0.0,380
SP1,2014/15,1x2,pre,PS,0.995,380
SP1,2014/15,1x2,close,PS,1.0,380
SP1,2014/15,ou25,pre,Avg,1.0,380
SP1,2014/15,ou25,close,none,0.0,380
SP1,2015/16,1x2,pre,PS,0.997,380
SP1,2015/16,1x2,close,PS,1.0,380
SP1,2015/16,ou25,pre,Avg,1.0,380
SP1,2015/16,ou25,close,none,0.0,380
SP1,2016/17,1x2,pre,PS,1.0,380
SP1,2016/17,1x2,close,PS,1.0,380
SP1,2016/17,ou25,pre,Avg,1.0,380
SP1,2016/17,ou25,close,none,0.0,380
SP1,2017/18,1x2,pre,PS,1.0,380
SP1,2017/18,1x2,close,PS,0.997,380
SP1,2017/18,ou25,pre,Avg,1.0,380
SP1,2017/18,ou25,close,none,0.0,380
SP1,2018/19,1x2,pre,PS,1.0,380
SP1,2018/19,1x2,close,PS,1.0,380
SP1,2018/19,ou25,pre,Avg,1.0,380
SP1,2018/19,ou25,close,none,0.0,380
SP1,2019/20,1x2,pre,PS,0.995,380
SP1,2019/20,1x2,close,PS,1.0,380
SP1,2019/20,ou25,pre,PS,0.995,380
SP1,2019/20,ou25,close,PS,1.0,380
SP1,2020/21,1x2,pre,PS,1.0,380
SP1,2020/21,1x2,close,PS,1.0,380
SP1,2020/21,ou25,pre,PS,0.997,380
SP1,2020/21,ou25,close,PS,0.997,380
SP1,2021/22,1x2,pre,PS,0.997,380
SP1,2021/22,1x2,close,PS,1.0,380
SP1,2021/22,ou25,pre,PS,0.997,380
SP1,2021/22,ou25,close,PS,1.0,380
SP1,2022/23,1x2,pre,PS,1.0,380
SP1,2022/23,1x2,close,PS,1.0,380
SP1,2022/23,ou25,pre,PS,1.0,380
SP1,2022/23,ou25,close,PS,1.0,380
SP1,2023/24,1x2,pre,PS,1.0,380
SP1,2023/24,1x2,close,PS,1.0,380
SP1,2023/24,ou25,pre,PS,0.997,380
SP1,2023/24,ou25,close,PS,1.0,380
SP1,2024/25,1x2,pre,PS,1.0,380
SP1,2024/25,1x2,close,PS,1.0,380
SP1,2024/25,ou25,pre,PS,0.995,380
SP1,2024/25,ou25,close,PS,0.995,380
SP1,2025/26,1x2,pre,BFE,0.921,380
SP1,2025/26,1x2,close,BFE,0.918,380
SP1,2025/26,ou25,pre,BFE,0.921,380
SP1,2025/26,ou25,close,BFE,0.918,380
SP1,2026/27,1x2,pre,BFE,1.0,69
SP1,2026/27,1x2,close,BFE,1.0,69
SP1,2026/27,ou25,pre,BFE,1.0,69
SP1,2026/27,ou25,close,BFE,1.0,69
SP2,2012/13,1x2,pre,PS,0.996,462
SP2,2012/13,1x2,close,PS,0.996,462
SP2,2012/13,ou25,pre,Avg,1.0,462
SP2,2012/13,ou25,close,none,0.0,462
SP2,2013/14,1x2,pre,PS,0.998,462
SP2,2013/14,1x2,close,PS,0.998,462
SP2,2013/14,ou25,pre,Avg,1.0,462
SP2,2013/14,ou25,close,none,0.0,462
SP2,2014/15,1x2,pre,PS,0.976,462
SP2,2014/15,1x2,close,PS,1.0,462
SP2,2014/15,ou25,pre,Avg,1.0,462
SP2,2014/15,ou25,close,none,0.0,462
SP2,2015/16,1x2,pre,PS,0.994,462
SP2,2015/16,1x2,close,PS,0.998,462
SP2,2015/16,ou25,pre,Avg,1.0,462
SP2,2015/16,ou25,close,none,0.0,462
SP2,2016/17,1x2,pre,PS,0.989,462
SP2,2016/17,1x2,close,PS,0.989,462
SP2,2016/17,ou25,pre,Avg,1.0,462
SP2,2016/17,ou25,close,none,0.0,462
SP2,2017/18,1x2,pre,PS,0.978,462
SP2,2017/18,1x2,close,PS,0.998,462
SP2,2017/18,ou25,pre,Avg,1.0,462
SP2,2017/18,ou25,close,none,0.0,462
SP2,2018/19,1x2,pre,PS,0.955,462
SP2,2018/19,1x2,close,PS,0.955,462
SP2,2018/19,ou25,pre,Avg,0.955,462
SP2,2018/19,ou25,close,none,0.0,462
SP2,2019/20,1x2,pre,PS,0.998,462
SP2,2019/20,1x2,close,PS,0.998,462
SP2,2019/20,ou25,pre,PS,0.998,462
SP2,2019/20,ou25,close,PS,1.0,462
SP2,2020/21,1x2,pre,PS,0.994,462
SP2,2020/21,1x2,close,PS,0.998,462
SP2,2020/21,ou25,pre,PS,0.994,462
SP2,2020/21,ou25,close,PS,0.998,462
SP2,2021/22,1x2,pre,PS,0.998,462
SP2,2021/22,1x2,close,PS,1.0,462
SP2,2021/22,ou25,pre,PS,0.998,462
SP2,2021/22,ou25,close,PS,1.0,462
SP2,2022/23,1x2,pre,PS,1.0,462
SP2,2022/23,1x2,close,PS,1.0,462
SP2,2022/23,ou25,pre,PS,1.0,462
SP2,2022/23,ou25,close,PS,1.0,462
SP2,2023/24,1x2,pre,PS,0.996,462
SP2,2023/24,1x2,close,PS,1.0,462
SP2,2023/24,ou25,pre,PS,0.996,462
SP2,2023/24,ou25,close,PS,1.0,462
SP2,2024/25,1x2,pre,PS,1.0,462
SP2,2024/25,1x2,close,PS,1.0,462
SP2,2024/25,ou25,pre,PS,1.0,462
SP2,2024/25,ou25,close,PS,1.0,462
SP2,2025/26,1x2,pre,BFE,0.922,462
SP2,2025/26,1x2,close,BFE,0.946,462
SP2,2025/26,ou25,pre,BFE,0.818,462
SP2,2025/26,ou25,close,BFE,0.944,462
SP2,2026/27,1x2,pre,BFE,0.943,88
SP2,2026/27,1x2,close,BFE,0.989,88
SP2,2026/27,ou25,pre,BFE,0.886,88
SP2,2026/27,ou25,close,BFE,1.0,88
T1,2012/13,1x2,pre,PS,0.997,306
T1,2012/13,1x2,close,PS,0.997,306
T1,2012/13,ou25,pre,Avg,0.997,306
T1,2012/13,ou25,close,none,0.0,306
T1,2013/14,1x2,pre,PS,0.997,306
T1,2013/14,1x2,close,PS,0.993,306
T1,2013/14,ou25,pre,Avg,1.0,306
T1,2013/14,ou25,close,none,0.0,306
T1,2014/15,1x2,pre,PS,0.99,306
T1,2014/15,1x2,close,PS,0.997,306
T1,2014/15,ou25,pre,Avg,1.0,306
T1,2014/15,ou25,close,none,0.0,306
T1,2015/16,1x2,pre,PS,0.997,306
T1,2015/16,1x2,close,PS,1.0,306
T1,2015/16,ou25,pre,Avg,1.0,306
T1,2015/16,ou25,close,none,0.0,306
T1,2016/17,1x2,pre,PS,0.984,306
T1,2016/17,1x2,close,PS,0.997,306
T1,2016/17,ou25,pre,Avg,1.0,306
T1,2016/17,ou25,close,none,0.0,306
T1,2017/18,1x2,pre,PS,0.964,306
T1,2017/18,1x2,close,PS,0.99,306
T1,2017/18,ou25,pre,Avg,1.0,306
T1,2017/18,ou25,close,none,0.0,306
T1,2018/19,1x2,pre,PS,1.0,306
T1,2018/19,1x2,close,PS,1.0,306
T1,2018/19,ou25,pre,Avg,1.0,306
T1,2018/19,ou25,close,none,0.0,306
T1,2019/20,1x2,pre,PS,0.987,306
T1,2019/20,1x2,close,PS,1.0,306
T1,2019/20,ou25,pre,PS,0.987,306
T1,2019/20,ou25,close,PS,1.0,306
T1,2020/21,1x2,pre,PS,1.0,420
T1,2020/21,1x2,close,PS,1.0,420
T1,2020/21,ou25,pre,PS,1.0,420
T1,2020/21,ou25,close,PS,1.0,420
T1,2021/22,1x2,pre,PS,1.0,380
T1,2021/22,1x2,close,PS,0.997,380
T1,2021/22,ou25,pre,PS,1.0,380
T1,2021/22,ou25,close,PS,0.997,380
T1,2022/23,1x2,pre,PS,0.915,342
T1,2022/23,1x2,close,PS,0.915,342
T1,2022/23,ou25,pre,PS,0.915,342
T1,2022/23,ou25,close,PS,0.915,342
T1,2023/24,1x2,pre,PS,0.997,380
T1,2023/24,1x2,close,PS,1.0,380
T1,2023/24,ou25,pre,PS,1.0,380
T1,2023/24,ou25,close,PS,1.0,380
T1,2024/25,1x2,pre,PS,0.994,342
T1,2024/25,1x2,close,PS,1.0,342
T1,2024/25,ou25,pre,PS,0.994,342
T1,2024/25,ou25,close,PS,1.0,342
T1,2025/26,1x2,pre,BFE,0.941,306
T1,2025/26,1x2,close,BFE,0.938,306
T1,2025/26,ou25,pre,BFE,0.817,306
T1,2025/26,ou25,close,BFE,0.938,306
T1,2026/27,1x2,pre,BFE,0.981,54
T1,2026/27,1x2,close,BFE,1.0,54
T1,2026/27,ou25,pre,BFE,0.907,54
T1,2026/27,ou25,close,BFE,1.0,54
