market,model,div,phase,season,w
1x2,dc,B1,pre,2018/19,4.5085472591929965e-08
1x2,dc,B1,pre,2019/20,4.5085472591929965e-08
1x2,dc,B1,pre,2020/21,4.5085472591929965e-08
1x2,dc,B1,pre,2021/22,0.002261211353188842
1x2,dc,B1,pre,2022/23,4.5085472591929965e-08
1x2,dc,B1,pre,2023/24,4.5085472591929965e-08
1x2,dc,B1,pre,2024/25,4.5085472591929965e-08
1x2,dc,B1,pre,2025/26,4.5085472591929965e-08
1x2,dc,B1,pre,2026/27,0.16975020334109522
1x2,dc,B1,close,2018/19,0.003869515943132074
1x2,dc,B1,close,2019/20,4.5085472591929965e-08
1x2,dc,B1,close,2020/21,4.5085472591929965e-08
1x2,dc,B1,close,2021/22,0.002797609228099864
1x2,dc,B1,close,2022/23,4.5085472591929965e-08
1x2,dc,B1,close,2023/24,4.5085472591929965e-08
1x2,dc,B1,close,2024/25,4.5085472591929965e-08
1x2,dc,B1,close,2025/26,4.5085472591929965e-08
1x2,dc,B1,close,2026/27,4.5085472591929965e-08
1x2,dc,D1,pre,2017/18,0.28895151232869265
1x2,dc,D1,pre,2018/19,4.5085472591929965e-08
1x2,dc,D1,pre,2019/20,4.5085472591929965e-08
1x2,dc,D1,pre,2020/21,4.5085472591929965e-08
1x2,dc,D1,pre,2021/22,4.5085472591929965e-08
1x2,dc,D1,pre,2022/23,4.5085472591929965e-08
1x2,dc,D1,pre,2023/24,4.5085472591929965e-08
1x2,dc,D1,pre,2024/25,4.5085472591929965e-08
1x2,dc,D1,pre,2025/26,4.5085472591929965e-08
1x2,dc,D1,pre,2026/27,4.5085472591929965e-08
1x2,dc,D1,close,2017/18,0.27608721554857507
1x2,dc,D1,close,2018/19,0.0716888548583489
1x2,dc,D1,close,2019/20,0.07187585376031391
1x2,dc,D1,close,2020/21,0.05062902102484522
1x2,dc,D1,close,2021/22,4.5085472591929965e-08
1x2,dc,D1,close,2022/23,4.5085472591929965e-08
1x2,dc,D1,close,2023/24,0.01910458115502938
1x2,dc,D1,close,2024/25,4.5085472591929965e-08
1x2,dc,D1,close,2025/26,4.5085472591929965e-08
1x2,dc,D1,close,2026/27,4.5085472591929965e-08
1x2,dc,D2,pre,2017/18,4.5085472591929965e-08
1x2,dc,D2,pre,2018/19,4.5085472591929965e-08
1x2,dc,D2,pre,2019/20,0.04891303491078773
1x2,dc,D2,pre,2020/21,0.05344817764032999
1x2,dc,D2,pre,2021/22,0.029226196082361402
1x2,dc,D2,pre,2022/23,4.5085472591929965e-08
1x2,dc,D2,pre,2023/24,4.5085472591929965e-08
1x2,dc,D2,pre,2024/25,4.5085472591929965e-08
1x2,dc,D2,pre,2025/26,4.5085472591929965e-08
1x2,dc,D2,pre,2026/27,4.5085472591929965e-08
1x2,dc,D2,close,2017/18,4.5085472591929965e-08
1x2,dc,D2,close,2018/19,4.5085472591929965e-08
1x2,dc,D2,close,2019/20,0.016926590146373443
1x2,dc,D2,close,2020/21,0.03454128053405638
1x2,dc,D2,close,2021/22,0.012120457346380772
1x2,dc,D2,close,2022/23,4.5085472591929965e-08
1x2,dc,D2,close,2023/24,4.5085472591929965e-08
1x2,dc,D2,close,2024/25,4.5085472591929965e-08
1x2,dc,D2,close,2025/26,4.5085472591929965e-08
1x2,dc,D2,close,2026/27,4.5085472591929965e-08
1x2,dc,E0,pre,2017/18,4.5085472591929965e-08
1x2,dc,E0,pre,2018/19,4.5085472591929965e-08
1x2,dc,E0,pre,2019/20,0.005105451878646507
1x2,dc,E0,pre,2020/21,0.1155283035973714
1x2,dc,E0,pre,2021/22,0.11101734149223481
1x2,dc,E0,pre,2022/23,0.13087459483008332
1x2,dc,E0,pre,2023/24,0.03189891390000166
1x2,dc,E0,pre,2024/25,0.02420164934879583
1x2,dc,E0,pre,2025/26,4.5085472591929965e-08
1x2,dc,E0,pre,2026/27,4.5085472591929965e-08
1x2,dc,E0,close,2017/18,4.5085472591929965e-08
1x2,dc,E0,close,2018/19,4.5085472591929965e-08
1x2,dc,E0,close,2019/20,0.0109513770703932
1x2,dc,E0,close,2020/21,0.11460143895422026
1x2,dc,E0,close,2021/22,0.09641974944201703
1x2,dc,E0,close,2022/23,0.12399584313601358
1x2,dc,E0,close,2023/24,0.03250205164321678
1x2,dc,E0,close,2024/25,0.014719804100066432
1x2,dc,E0,close,2025/26,4.5085472591929965e-08
1x2,dc,E0,close,2026/27,4.5085472591929965e-08
1x2,dc,E1,pre,2017/18,4.5085472591929965e-08
1x2,dc,E1,pre,2018/19,4.5085472591929965e-08
1x2,dc,E1,pre,2019/20,4.5085472591929965e-08
1x2,dc,E1,pre,2020/21,4.5085472591929965e-08
1x2,dc,E1,pre,2021/22,4.5085472591929965e-08
1x2,dc,E1,pre,2022/23,4.5085472591929965e-08
1x2,dc,E1,pre,2023/24,4.5085472591929965e-08
1x2,dc,E1,pre,2024/25,4.5085472591929965e-08
1x2,dc,E1,pre,2025/26,4.5085472591929965e-08
1x2,dc,E1,pre,2026/27,4.5085472591929965e-08
1x2,dc,E1,close,2017/18,4.5085472591929965e-08
1x2,dc,E1,close,2018/19,4.5085472591929965e-08
1x2,dc,E1,close,2019/20,4.5085472591929965e-08
1x2,dc,E1,close,2020/21,4.5085472591929965e-08
1x2,dc,E1,close,2021/22,4.5085472591929965e-08
1x2,dc,E1,close,2022/23,4.5085472591929965e-08
1x2,dc,E1,close,2023/24,4.5085472591929965e-08
1x2,dc,E1,close,2024/25,4.5085472591929965e-08
1x2,dc,E1,close,2025/26,0.003779229896013274
1x2,dc,E1,close,2026/27,4.5085472591929965e-08
1x2,dc,E2,pre,2017/18,4.5085472591929965e-08
1x2,dc,E2,pre,2018/19,4.5085472591929965e-08
1x2,dc,E2,pre,2019/20,4.5085472591929965e-08
1x2,dc,E2,pre,2020/21,4.5085472591929965e-08
1x2,dc,E2,pre,2021/22,4.5085472591929965e-08
1x2,dc,E2,pre,2022/23,4.5085472591929965e-08
1x2,dc,E2,pre,2023/24,4.5085472591929965e-08
1x2,dc,E2,pre,2024/25,4.5085472591929965e-08
1x2,dc,E2,pre,2025/26,4.5085472591929965e-08
1x2,dc,E2,pre,2026/27,4.5085472591929965e-08
1x2,dc,E2,close,2017/18,4.5085472591929965e-08
1x2,dc,E2,close,2018/19,4.5085472591929965e-08
1x2,dc,E2,close,2019/20,4.5085472591929965e-08
1x2,dc,E2,close,2020/21,4.5085472591929965e-08
1x2,dc,E2,close,2021/22,4.5085472591929965e-08
1x2,dc,E2,close,2022/23,4.5085472591929965e-08
1x2,dc,E2,close,2023/24,4.5085472591929965e-08
1x2,dc,E2,close,2024/25,4.5085472591929965e-08
1x2,dc,E2,close,2025/26,4.5085472591929965e-08
1x2,dc,E2,close,2026/27,4.5085472591929965e-08
1x2,dc,E3,pre,2017/18,4.5085472591929965e-08
1x2,dc,E3,pre,2018/19,4.5085472591929965e-08
1x2,dc,E3,pre,2019/20,4.5085472591929965e-08
1x2,dc,E3,pre,2020/21,4.5085472591929965e-08
1x2,dc,E3,pre,2021/22,4.5085472591929965e-08
1x2,dc,E3,pre,2022/23,4.5085472591929965e-08
1x2,dc,E3,pre,2023/24,0.010239948402445355
1x2,dc,E3,pre,2024/25,0.018379667902382463
1x2,dc,E3,pre,2025/26,0.020813351049306282
1x2,dc,E3,pre,2026/27,0.08740835099518345
1x2,dc,E3,close,2017/18,4.5085472591929965e-08
1x2,dc,E3,close,2018/19,4.5085472591929965e-08
1x2,dc,E3,close,2019/20,4.5085472591929965e-08
1x2,dc,E3,close,2020/21,4.5085472591929965e-08
1x2,dc,E3,close,2021/22,4.5085472591929965e-08
1x2,dc,E3,close,2022/23,4.5085472591929965e-08
1x2,dc,E3,close,2023/24,4.5085472591929965e-08
1x2,dc,E3,close,2024/25,4.5085472591929965e-08
1x2,dc,E3,close,2025/26,0.003642146887687101
1x2,dc,E3,close,2026/27,0.020715152444232558
1x2,dc,F1,pre,2017/18,4.5085472591929965e-08
1x2,dc,F1,pre,2018/19,4.5085472591929965e-08
1x2,dc,F1,pre,2019/20,4.5085472591929965e-08
1x2,dc,F1,pre,2020/21,4.5085472591929965e-08
1x2,dc,F1,pre,2021/22,4.5085472591929965e-08
1x2,dc,F1,pre,2022/23,4.5085472591929965e-08
1x2,dc,F1,pre,2023/24,4.5085472591929965e-08
1x2,dc,F1,pre,2024/25,4.5085472591929965e-08
1x2,dc,F1,pre,2025/26,4.5085472591929965e-08
1x2,dc,F1,pre,2026/27,4.5085472591929965e-08
1x2,dc,F1,close,2017/18,4.5085472591929965e-08
1x2,dc,F1,close,2018/19,4.5085472591929965e-08
1x2,dc,F1,close,2019/20,4.5085472591929965e-08
1x2,dc,F1,close,2020/21,4.5085472591929965e-08
1x2,dc,F1,close,2021/22,4.5085472591929965e-08
1x2,dc,F1,close,2022/23,4.5085472591929965e-08
1x2,dc,F1,close,2023/24,4.5085472591929965e-08
1x2,dc,F1,close,2024/25,4.5085472591929965e-08
1x2,dc,F1,close,2025/26,4.5085472591929965e-08
1x2,dc,F1,close,2026/27,4.5085472591929965e-08
1x2,dc,F2,pre,2017/18,0.014515973288175773
1x2,dc,F2,pre,2018/19,4.5085472591929965e-08
1x2,dc,F2,pre,2019/20,4.5085472591929965e-08
1x2,dc,F2,pre,2020/21,0.0434944352606571
1x2,dc,F2,pre,2021/22,4.5085472591929965e-08
1x2,dc,F2,pre,2022/23,4.5085472591929965e-08
1x2,dc,F2,pre,2023/24,4.5085472591929965e-08
1x2,dc,F2,pre,2024/25,0.002162603784501467
1x2,dc,F2,pre,2025/26,4.5085472591929965e-08
1x2,dc,F2,pre,2026/27,4.5085472591929965e-08
1x2,dc,F2,close,2017/18,0.07302237477569525
1x2,dc,F2,close,2018/19,4.5085472591929965e-08
1x2,dc,F2,close,2019/20,4.5085472591929965e-08
1x2,dc,F2,close,2020/21,0.04789149817348281
1x2,dc,F2,close,2021/22,0.005689539661406145
1x2,dc,F2,close,2022/23,0.0054756698495949255
1x2,dc,F2,close,2023/24,4.5085472591929965e-08
1x2,dc,F2,close,2024/25,4.5085472591929965e-08
1x2,dc,F2,close,2025/26,4.5085472591929965e-08
1x2,dc,F2,close,2026/27,4.5085472591929965e-08
1x2,dc,G1,pre,2018/19,4.5085472591929965e-08
1x2,dc,G1,pre,2019/20,4.5085472591929965e-08
1x2,dc,G1,pre,2020/21,4.5085472591929965e-08
1x2,dc,G1,pre,2021/22,4.5085472591929965e-08
1x2,dc,G1,pre,2022/23,4.5085472591929965e-08
1x2,dc,G1,pre,2023/24,4.5085472591929965e-08
1x2,dc,G1,pre,2024/25,4.5085472591929965e-08
1x2,dc,G1,pre,2025/26,4.5085472591929965e-08
1x2,dc,G1,pre,2026/27,0.2363722679436413
1x2,dc,G1,close,2018/19,4.5085472591929965e-08
1x2,dc,G1,close,2019/20,4.5085472591929965e-08
1x2,dc,G1,close,2020/21,4.5085472591929965e-08
1x2,dc,G1,close,2021/22,4.5085472591929965e-08
1x2,dc,G1,close,2022/23,4.5085472591929965e-08
1x2,dc,G1,close,2023/24,4.5085472591929965e-08
1x2,dc,G1,close,2024/25,4.5085472591929965e-08
1x2,dc,G1,close,2025/26,4.5085472591929965e-08
1x2,dc,G1,close,2026/27,4.5085472591929965e-08
1x2,dc,I1,pre,2017/18,0.049269009140863414
1x2,dc,I1,pre,2018/19,4.5085472591929965e-08
1x2,dc,I1,pre,2019/20,4.5085472591929965e-08
1x2,dc,I1,pre,2020/21,4.5085472591929965e-08
1x2,dc,I1,pre,2021/22,4.5085472591929965e-08
1x2,dc,I1,pre,2022/23,4.5085472591929965e-08
1x2,dc,I1,pre,2023/24,4.5085472591929965e-08
1x2,dc,I1,pre,2024/25,4.5085472591929965e-08
1x2,dc,I1,pre,2025/26,4.5085472591929965e-08
1x2,dc,I1,pre,2026/27,4.5085472591929965e-08
1x2,dc,I1,close,2017/18,0.019034965698568336
1x2,dc,I1,close,2018/19,4.5085472591929965e-08
1x2,dc,I1,close,2019/20,4.5085472591929965e-08
1x2,dc,I1,close,2020/21,4.5085472591929965e-08
1x2,dc,I1,close,2021/22,4.5085472591929965e-08
1x2,dc,I1,close,2022/23,4.5085472591929965e-08
1x2,dc,I1,close,2023/24,4.5085472591929965e-08
1x2,dc,I1,close,2024/25,4.5085472591929965e-08
1x2,dc,I1,close,2025/26,4.5085472591929965e-08
1x2,dc,I1,close,2026/27,4.5085472591929965e-08
1x2,dc,I2,pre,2017/18,0.3313292965009232
1x2,dc,I2,pre,2018/19,0.17462896233866193
1x2,dc,I2,pre,2019/20,0.14895247784213045
1x2,dc,I2,pre,2020/21,0.17406636179732338
1x2,dc,I2,pre,2021/22,0.1089681683120195
1x2,dc,I2,pre,2022/23,0.032374287521081804
1x2,dc,I2,pre,2023/24,0.004736974058373098
1x2,dc,I2,pre,2024/25,4.5085472591929965e-08
1x2,dc,I2,pre,2025/26,4.5085472591929965e-08
1x2,dc,I2,pre,2026/27,0.014186356692824902
1x2,dc,I2,close,2017/18,0.30670718784933354
1x2,dc,I2,close,2018/19,0.14065127411208808
1x2,dc,I2,close,2019/20,0.10294440810540838
1x2,dc,I2,close,2020/21,0.12593355648842877
1x2,dc,I2,close,2021/22,0.06553886097091524
1x2,dc,I2,close,2022/23,0.00260296222226295
1x2,dc,I2,close,2023/24,4.5085472591929965e-08
1x2,dc,I2,close,2024/25,4.5085472591929965e-08
1x2,dc,I2,close,2025/26,4.5085472591929965e-08
1x2,dc,I2,close,2026/27,4.5085472591929965e-08
1x2,dc,N1,pre,2017/18,0.15826229382494672
1x2,dc,N1,pre,2018/19,0.15017790673586062
1x2,dc,N1,pre,2019/20,0.18153125527814484
1x2,dc,N1,pre,2020/21,0.1105079245142968
1x2,dc,N1,pre,2021/22,0.09263049125336618
1x2,dc,N1,pre,2022/23,4.5085472591929965e-08
1x2,dc,N1,pre,2023/24,4.5085472591929965e-08
1x2,dc,N1,pre,2024/25,4.5085472591929965e-08
1x2,dc,N1,pre,2025/26,4.5085472591929965e-08
1x2,dc,N1,pre,2026/27,4.5085472591929965e-08
1x2,dc,N1,close,2017/18,0.11587386257510439
1x2,dc,N1,close,2018/19,0.054789193646289265
1x2,dc,N1,close,2019/20,0.05864926749064028
1x2,dc,N1,close,2020/21,4.5085472591929965e-08
1x2,dc,N1,close,2021/22,0.0073494061654975
1x2,dc,N1,close,2022/23,4.5085472591929965e-08
1x2,dc,N1,close,2023/24,4.5085472591929965e-08
1x2,dc,N1,close,2024/25,4.5085472591929965e-08
1x2,dc,N1,close,2025/26,4.5085472591929965e-08
1x2,dc,N1,close,2026/27,0.06506992731707333
1x2,dc,P1,pre,2017/18,4.5085472591929965e-08
1x2,dc,P1,pre,2018/19,4.5085472591929965e-08
1x2,dc,P1,pre,2019/20,4.5085472591929965e-08
1x2,dc,P1,pre,2020/21,0.05623896188751228
1x2,dc,P1,pre,2021/22,0.12071806922461269
1x2,dc,P1,pre,2022/23,0.05754276749152655
1x2,dc,P1,pre,2023/24,4.5085472591929965e-08
1x2,dc,P1,pre,2024/25,4.5085472591929965e-08
1x2,dc,P1,pre,2025/26,4.5085472591929965e-08
1x2,dc,P1,pre,2026/27,0.14994702884810857
1x2,dc,P1,close,2017/18,4.5085472591929965e-08
1x2,dc,P1,close,2018/19,4.5085472591929965e-08
1x2,dc,P1,close,2019/20,0.002969362301173919
1x2,dc,P1,close,2020/21,0.15752304942170364
1x2,dc,P1,close,2021/22,0.19156319771761338
1x2,dc,P1,close,2022/23,0.1212823073096995
1x2,dc,P1,close,2023/24,0.05133790936287323
1x2,dc,P1,close,2024/25,4.5085472591929965e-08
1x2,dc,P1,close,2025/26,4.5085472591929965e-08
1x2,dc,P1,close,2026/27,0.0007801127231470677
1x2,dc,SC0,pre,2018/19,4.5085472591929965e-08
1x2,dc,SC0,pre,2019/20,4.5085472591929965e-08
1x2,dc,SC0,pre,2020/21,4.5085472591929965e-08
1x2,dc,SC0,pre,2021/22,4.5085472591929965e-08
1x2,dc,SC0,pre,2022/23,4.5085472591929965e-08
1x2,dc,SC0,pre,2023/24,4.5085472591929965e-08
1x2,dc,SC0,pre,2024/25,4.5085472591929965e-08
1x2,dc,SC0,pre,2025/26,4.5085472591929965e-08
1x2,dc,SC0,pre,2026/27,4.5085472591929965e-08
1x2,dc,SC0,close,2018/19,4.5085472591929965e-08
1x2,dc,SC0,close,2019/20,4.5085472591929965e-08
1x2,dc,SC0,close,2020/21,4.5085472591929965e-08
1x2,dc,SC0,close,2021/22,4.5085472591929965e-08
1x2,dc,SC0,close,2022/23,4.5085472591929965e-08
1x2,dc,SC0,close,2023/24,4.5085472591929965e-08
1x2,dc,SC0,close,2024/25,4.5085472591929965e-08
1x2,dc,SC0,close,2025/26,4.5085472591929965e-08
1x2,dc,SC0,close,2026/27,4.5085472591929965e-08
1x2,dc,SP1,pre,2017/18,0.16190296388974784
1x2,dc,SP1,pre,2018/19,0.005855687790888286
1x2,dc,SP1,pre,2019/20,0.028541103038528595
1x2,dc,SP1,pre,2020/21,4.5085472591929965e-08
1x2,dc,SP1,pre,2021/22,4.5085472591929965e-08
1x2,dc,SP1,pre,2022/23,4.5085472591929965e-08
1x2,dc,SP1,pre,2023/24,4.5085472591929965e-08
1x2,dc,SP1,pre,2024/25,4.5085472591929965e-08
1x2,dc,SP1,pre,2025/26,4.5085472591929965e-08
1x2,dc,SP1,pre,2026/27,4.5085472591929965e-08
1x2,dc,SP1,close,2017/18,0.11154595283955089
1x2,dc,SP1,close,2018/19,4.5085472591929965e-08
1x2,dc,SP1,close,2019/20,4.5085472591929965e-08
1x2,dc,SP1,close,2020/21,4.5085472591929965e-08
1x2,dc,SP1,close,2021/22,4.5085472591929965e-08
1x2,dc,SP1,close,2022/23,4.5085472591929965e-08
1x2,dc,SP1,close,2023/24,4.5085472591929965e-08
1x2,dc,SP1,close,2024/25,4.5085472591929965e-08
1x2,dc,SP1,close,2025/26,4.5085472591929965e-08
1x2,dc,SP1,close,2026/27,4.5085472591929965e-08
1x2,dc,SP2,pre,2017/18,0.14719981285680922
1x2,dc,SP2,pre,2018/19,0.05631011347993303
1x2,dc,SP2,pre,2019/20,4.5085472591929965e-08
1x2,dc,SP2,pre,2020/21,0.020151885763530716
1x2,dc,SP2,pre,2021/22,4.5085472591929965e-08
1x2,dc,SP2,pre,2022/23,4.5085472591929965e-08
1x2,dc,SP2,pre,2023/24,4.5085472591929965e-08
1x2,dc,SP2,pre,2024/25,4.5085472591929965e-08
1x2,dc,SP2,pre,2025/26,4.5085472591929965e-08
1x2,dc,SP2,pre,2026/27,0.013032315994922416
1x2,dc,SP2,close,2017/18,0.15569031247220022
1x2,dc,SP2,close,2018/19,0.035483601242421406
1x2,dc,SP2,close,2019/20,4.5085472591929965e-08
1x2,dc,SP2,close,2020/21,4.5085472591929965e-08
1x2,dc,SP2,close,2021/22,4.5085472591929965e-08
1x2,dc,SP2,close,2022/23,4.5085472591929965e-08
1x2,dc,SP2,close,2023/24,4.5085472591929965e-08
1x2,dc,SP2,close,2024/25,4.5085472591929965e-08
1x2,dc,SP2,close,2025/26,4.5085472591929965e-08
1x2,dc,SP2,close,2026/27,4.5085472591929965e-08
1x2,dc,T1,pre,2017/18,4.5085472591929965e-08
1x2,dc,T1,pre,2018/19,4.5085472591929965e-08
1x2,dc,T1,pre,2019/20,4.5085472591929965e-08
1x2,dc,T1,pre,2020/21,4.5085472591929965e-08
1x2,dc,T1,pre,2021/22,4.5085472591929965e-08
1x2,dc,T1,pre,2022/23,4.5085472591929965e-08
1x2,dc,T1,pre,2023/24,4.5085472591929965e-08
1x2,dc,T1,pre,2024/25,4.5085472591929965e-08
1x2,dc,T1,pre,2025/26,4.5085472591929965e-08
1x2,dc,T1,pre,2026/27,4.5085472591929965e-08
1x2,dc,T1,close,2017/18,4.5085472591929965e-08
1x2,dc,T1,close,2018/19,4.5085472591929965e-08
1x2,dc,T1,close,2019/20,4.5085472591929965e-08
1x2,dc,T1,close,2020/21,4.5085472591929965e-08
1x2,dc,T1,close,2021/22,4.5085472591929965e-08
1x2,dc,T1,close,2022/23,4.5085472591929965e-08
1x2,dc,T1,close,2023/24,4.5085472591929965e-08
1x2,dc,T1,close,2024/25,4.5085472591929965e-08
1x2,dc,T1,close,2025/26,4.5085472591929965e-08
1x2,dc,T1,close,2026/27,4.5085472591929965e-08
ou25,dc,B1,pre,2021/22,0.2368428990968836
ou25,dc,B1,pre,2022/23,0.12873493679673098
ou25,dc,B1,pre,2023/24,0.1260455528452284
ou25,dc,B1,pre,2024/25,0.17674830744153144
ou25,dc,B1,pre,2025/26,0.06342947813159286
ou25,dc,B1,pre,2026/27,0.1877446176352861
ou25,dc,B1,close,2021/22,0.17209237465401214
ou25,dc,B1,close,2022/23,0.03339795323669773
ou25,dc,B1,close,2023/24,0.053312170524664394
ou25,dc,B1,close,2024/25,0.0779625438531091
ou25,dc,B1,close,2025/26,4.5085472591929965e-08
ou25,dc,B1,close,2026/27,4.5085472591929965e-08
ou25,dc,D1,pre,2020/21,4.5085472591929965e-08
ou25,dc,D1,pre,2021/22,4.5085472591929965e-08
ou25,dc,D1,pre,2022/23,0.0324546235299843
ou25,dc,D1,pre,2023/24,0.07501298021854175
ou25,dc,D1,pre,2024/25,4.5085472591929965e-08
ou25,dc,D1,pre,2025/26,0.1081533916345296
ou25,dc,D1,pre,2026/27,0.06810246954024425
ou25,dc,D1,close,2020/21,4.5085472591929965e-08
ou25,dc,D1,close,2021/22,4.5085472591929965e-08
ou25,dc,D1,close,2022/23,4.5085472591929965e-08
ou25,dc,D1,close,2023/24,0.028182341017022113
ou25,dc,D1,close,2024/25,4.5085472591929965e-08
ou25,dc,D1,close,2025/26,0.025379327555148226
ou25,dc,D1,close,2026/27,0.01859289946458152
ou25,dc,D2,pre,2020/21,0.32655817667865905
ou25,dc,D2,pre,2021/22,4.5085472591929965e-08
ou25,dc,D2,pre,2022/23,4.5085472591929965e-08
ou25,dc,D2,pre,2023/24,4.5085472591929965e-08
ou25,dc,D2,pre,2024/25,4.5085472591929965e-08
ou25,dc,D2,pre,2025/26,4.5085472591929965e-08
ou25,dc,D2,pre,2026/27,4.5085472591929965e-08
ou25,dc,D2,close,2020/21,0.26841995003129426
ou25,dc,D2,close,2021/22,4.5085472591929965e-08
ou25,dc,D2,close,2022/23,4.5085472591929965e-08
ou25,dc,D2,close,2023/24,4.5085472591929965e-08
ou25,dc,D2,close,2024/25,4.5085472591929965e-08
ou25,dc,D2,close,2025/26,4.5085472591929965e-08
ou25,dc,D2,close,2026/27,4.5085472591929965e-08
ou25,dc,E0,pre,2020/21,0.4433990630822161
ou25,dc,E0,pre,2021/22,0.23207505328462405
ou25,dc,E0,pre,2022/23,0.4006528482537522
ou25,dc,E0,pre,2023/24,0.2864472367704809
ou25,dc,E0,pre,2024/25,0.10462589079831129
ou25,dc,E0,pre,2025/26,0.13542759382069494
ou25,dc,E0,pre,2026/27,0.188774711640263
ou25,dc,E0,close,2020/21,0.4587376151794336
ou25,dc,E0,close,2021/22,0.21584307182804444
ou25,dc,E0,close,2022/23,0.43014984274822343
ou25,dc,E0,close,2023/24,0.3301941229736254
ou25,dc,E0,close,2024/25,0.13807613632153273
ou25,dc,E0,close,2025/26,0.15710834890972455
ou25,dc,E0,close,2026/27,0.18803633880593337
ou25,dc,E1,pre,2020/21,0.20995861082304043
ou25,dc,E1,pre,2021/22,4.5085472591929965e-08
ou25,dc,E1,pre,2022/23,4.5085472591929965e-08
ou25,dc,E1,pre,2023/24,4.5085472591929965e-08
ou25,dc,E1,pre,2024/25,4.5085472591929965e-08
ou25,dc,E1,pre,2025/26,0.010809258310007924
ou25,dc,E1,pre,2026/27,0.015608000703846294
ou25,dc,E1,close,2020/21,0.20867392210060465
ou25,dc,E1,close,2021/22,0.02582034487237372
ou25,dc,E1,close,2022/23,4.5085472591929965e-08
ou25,dc,E1,close,2023/24,0.02564157948348749
ou25,dc,E1,close,2024/25,4.5085472591929965e-08
ou25,dc,E1,close,2025/26,0.029706790350241714
ou25,dc,E1,close,2026/27,0.039752129729565745
ou25,dc,E2,pre,2020/21,4.5085472591929965e-08
ou25,dc,E2,pre,2021/22,0.017853291988276596
ou25,dc,E2,pre,2022/23,0.039068845588408216
ou25,dc,E2,pre,2023/24,4.5085472591929965e-08
ou25,dc,E2,pre,2024/25,4.5085472591929965e-08
ou25,dc,E2,pre,2025/26,4.5085472591929965e-08
ou25,dc,E2,pre,2026/27,4.5085472591929965e-08
ou25,dc,E2,close,2020/21,4.5085472591929965e-08
ou25,dc,E2,close,2021/22,0.08754509417595328
ou25,dc,E2,close,2022/23,0.060650212313721155
ou25,dc,E2,close,2023/24,4.5085472591929965e-08
ou25,dc,E2,close,2024/25,4.5085472591929965e-08
ou25,dc,E2,close,2025/26,4.5085472591929965e-08
ou25,dc,E2,close,2026/27,4.5085472591929965e-08
ou25,dc,E3,pre,2020/21,4.5085472591929965e-08
ou25,dc,E3,pre,2021/22,4.5085472591929965e-08
ou25,dc,E3,pre,2022/23,4.5085472591929965e-08
ou25,dc,E3,pre,2023/24,4.5085472591929965e-08
ou25,dc,E3,pre,2024/25,4.5085472591929965e-08
ou25,dc,E3,pre,2025/26,4.5085472591929965e-08
ou25,dc,E3,pre,2026/27,0.026065026732755618
ou25,dc,E3,close,2020/21,4.5085472591929965e-08
ou25,dc,E3,close,2021/22,4.5085472591929965e-08
ou25,dc,E3,close,2022/23,4.5085472591929965e-08
ou25,dc,E3,close,2023/24,4.5085472591929965e-08
ou25,dc,E3,close,2024/25,4.5085472591929965e-08
ou25,dc,E3,close,2025/26,4.5085472591929965e-08
ou25,dc,E3,close,2026/27,4.5085472591929965e-08
ou25,dc,F1,pre,2021/22,4.5085472591929965e-08
ou25,dc,F1,pre,2022/23,4.5085472591929965e-08
ou25,dc,F1,pre,2023/24,4.5085472591929965e-08
ou25,dc,F1,pre,2024/25,0.009952329229143752
ou25,dc,F1,pre,2025/26,0.0026214749414068955
ou25,dc,F1,pre,2026/27,4.5085472591929965e-08
ou25,dc,F1,close,2021/22,4.5085472591929965e-08
ou25,dc,F1,close,2022/23,4.5085472591929965e-08
ou25,dc,F1,close,2023/24,4.5085472591929965e-08
ou25,dc,F1,close,2024/25,4.5085472591929965e-08
ou25,dc,F1,close,2025/26,4.5085472591929965e-08
ou25,dc,F1,close,2026/27,4.5085472591929965e-08
ou25,dc,F2,pre,2021/22,4.5085472591929965e-08
ou25,dc,F2,pre,2022/23,4.5085472591929965e-08
ou25,dc,F2,pre,2023/24,4.5085472591929965e-08
ou25,dc,F2,pre,2024/25,4.5085472591929965e-08
ou25,dc,F2,pre,2025/26,4.5085472591929965e-08
ou25,dc,F2,pre,2026/27,4.5085472591929965e-08
ou25,dc,F2,close,2021/22,4.5085472591929965e-08
ou25,dc,F2,close,2022/23,4.5085472591929965e-08
ou25,dc,F2,close,2023/24,4.5085472591929965e-08
ou25,dc,F2,close,2024/25,4.5085472591929965e-08
ou25,dc,F2,close,2025/26,4.5085472591929965e-08
ou25,dc,F2,close,2026/27,4.5085472591929965e-08
ou25,dc,G1,pre,2021/22,0.11012006252654584
ou25,dc,G1,pre,2022/23,0.06424188093911186
ou25,dc,G1,pre,2023/24,0.08435615827324083
ou25,dc,G1,pre,2024/25,4.5085472591929965e-08
ou25,dc,G1,pre,2025/26,4.5085472591929965e-08
ou25,dc,G1,pre,2026/27,0.38077006863849255
ou25,dc,G1,close,2021/22,4.5085472591929965e-08
ou25,dc,G1,close,2022/23,4.5085472591929965e-08
ou25,dc,G1,close,2023/24,4.5085472591929965e-08
ou25,dc,G1,close,2024/25,4.5085472591929965e-08
ou25,dc,G1,close,2025/26,4.5085472591929965e-08
ou25,dc,G1,close,2026/27,4.5085472591929965e-08
ou25,dc,I1,pre,2020/21,4.5085472591929965e-08
ou25,dc,I1,pre,2021/22,4.5085472591929965e-08
ou25,dc,I1,pre,2022/23,4.5085472591929965e-08
ou25,dc,I1,pre,2023/24,4.5085472591929965e-08
ou25,dc,I1,pre,2024/25,4.5085472591929965e-08
ou25,dc,I1,pre,2025/26,4.5085472591929965e-08
ou25,dc,I1,pre,2026/27,4.5085472591929965e-08
ou25,dc,I1,close,2020/21,4.5085472591929965e-08
ou25,dc,I1,close,2021/22,0.029269440484861242
ou25,dc,I1,close,2022/23,4.5085472591929965e-08
ou25,dc,I1,close,2023/24,4.5085472591929965e-08
ou25,dc,I1,close,2024/25,4.5085472591929965e-08
ou25,dc,I1,close,2025/26,4.5085472591929965e-08
ou25,dc,I1,close,2026/27,4.5085472591929965e-08
ou25,dc,I2,pre,2020/21,4.5085472591929965e-08
ou25,dc,I2,pre,2021/22,4.5085472591929965e-08
ou25,dc,I2,pre,2022/23,4.5085472591929965e-08
ou25,dc,I2,pre,2023/24,4.5085472591929965e-08
ou25,dc,I2,pre,2024/25,4.5085472591929965e-08
ou25,dc,I2,pre,2025/26,4.5085472591929965e-08
ou25,dc,I2,pre,2026/27,4.5085472591929965e-08
ou25,dc,I2,close,2020/21,4.5085472591929965e-08
ou25,dc,I2,close,2021/22,4.5085472591929965e-08
ou25,dc,I2,close,2022/23,4.5085472591929965e-08
ou25,dc,I2,close,2023/24,4.5085472591929965e-08
ou25,dc,I2,close,2024/25,4.5085472591929965e-08
ou25,dc,I2,close,2025/26,4.5085472591929965e-08
ou25,dc,I2,close,2026/27,4.5085472591929965e-08
ou25,dc,N1,pre,2021/22,4.5085472591929965e-08
ou25,dc,N1,pre,2022/23,0.043062176312487294
ou25,dc,N1,pre,2023/24,0.023488603818476683
ou25,dc,N1,pre,2024/25,0.0765604997993134
ou25,dc,N1,pre,2025/26,0.1387209029856109
ou25,dc,N1,pre,2026/27,0.28166935909898955
ou25,dc,N1,close,2021/22,4.5085472591929965e-08
ou25,dc,N1,close,2022/23,4.5085472591929965e-08
ou25,dc,N1,close,2023/24,4.5085472591929965e-08
ou25,dc,N1,close,2024/25,4.5085472591929965e-08
ou25,dc,N1,close,2025/26,0.0934725543975196
ou25,dc,N1,close,2026/27,0.04670021101623129
ou25,dc,P1,pre,2020/21,0.4062163468332476
ou25,dc,P1,pre,2021/22,0.13223631621913703
ou25,dc,P1,pre,2022/23,0.06681952761302798
ou25,dc,P1,pre,2023/24,0.09175692726411379
ou25,dc,P1,pre,2024/25,4.5085472591929965e-08
ou25,dc,P1,pre,2025/26,4.5085472591929965e-08
ou25,dc,P1,pre,2026/27,0.09293417353825192
ou25,dc,P1,close,2020/21,0.5647536268760153
ou25,dc,P1,close,2021/22,0.0543764208871668
ou25,dc,P1,close,2022/23,4.5085472591929965e-08
ou25,dc,P1,close,2023/24,0.09720797588590271
ou25,dc,P1,close,2024/25,4.5085472591929965e-08
ou25,dc,P1,close,2025/26,4.5085472591929965e-08
ou25,dc,P1,close,2026/27,4.5085472591929965e-08
ou25,dc,SC0,pre,2021/22,0.500454956955596
ou25,dc,SC0,pre,2022/23,0.6061977140279123
ou25,dc,SC0,pre,2023/24,0.07488275297104009
ou25,dc,SC0,pre,2024/25,0.08881363503056168
ou25,dc,SC0,pre,2025/26,0.03239433787329493
ou25,dc,SC0,pre,2026/27,0.3570179364882617
ou25,dc,SC0,close,2021/22,4.5085472591929965e-08
ou25,dc,SC0,close,2022/23,0.3148967362025871
ou25,dc,SC0,close,2023/24,4.5085472591929965e-08
ou25,dc,SC0,close,2024/25,0.010851330406750733
ou25,dc,SC0,close,2025/26,4.5085472591929965e-08
ou25,dc,SC0,close,2026/27,0.0760390317021157
ou25,dc,SP1,pre,2020/21,4.5085472591929965e-08
ou25,dc,SP1,pre,2021/22,4.5085472591929965e-08
ou25,dc,SP1,pre,2022/23,4.5085472591929965e-08
ou25,dc,SP1,pre,2023/24,4.5085472591929965e-08
ou25,dc,SP1,pre,2024/25,4.5085472591929965e-08
ou25,dc,SP1,pre,2025/26,4.5085472591929965e-08
ou25,dc,SP1,pre,2026/27,4.5085472591929965e-08
ou25,dc,SP1,close,2020/21,4.5085472591929965e-08
ou25,dc,SP1,close,2021/22,4.5085472591929965e-08
ou25,dc,SP1,close,2022/23,4.5085472591929965e-08
ou25,dc,SP1,close,2023/24,4.5085472591929965e-08
ou25,dc,SP1,close,2024/25,4.5085472591929965e-08
ou25,dc,SP1,close,2025/26,4.5085472591929965e-08
ou25,dc,SP1,close,2026/27,4.5085472591929965e-08
ou25,dc,SP2,pre,2020/21,0.43561622985271065
ou25,dc,SP2,pre,2021/22,4.5085472591929965e-08
ou25,dc,SP2,pre,2022/23,4.5085472591929965e-08
ou25,dc,SP2,pre,2023/24,0.013365018152963119
ou25,dc,SP2,pre,2024/25,4.5085472591929965e-08
ou25,dc,SP2,pre,2025/26,4.5085472591929965e-08
ou25,dc,SP2,pre,2026/27,0.11849222041439952
ou25,dc,SP2,close,2020/21,0.418749464313259
ou25,dc,SP2,close,2021/22,4.5085472591929965e-08
ou25,dc,SP2,close,2022/23,4.5085472591929965e-08
ou25,dc,SP2,close,2023/24,0.009787479566696813
ou25,dc,SP2,close,2024/25,4.5085472591929965e-08
ou25,dc,SP2,close,2025/26,4.5085472591929965e-08
ou25,dc,SP2,close,2026/27,4.5085472591929965e-08
ou25,dc,T1,pre,2020/21,4.5085472591929965e-08
ou25,dc,T1,pre,2021/22,4.5085472591929965e-08
ou25,dc,T1,pre,2022/23,4.5085472591929965e-08
ou25,dc,T1,pre,2023/24,4.5085472591929965e-08
ou25,dc,T1,pre,2024/25,4.5085472591929965e-08
ou25,dc,T1,pre,2025/26,4.5085472591929965e-08
ou25,dc,T1,pre,2026/27,0.08055905478566149
ou25,dc,T1,close,2020/21,4.5085472591929965e-08
ou25,dc,T1,close,2021/22,4.5085472591929965e-08
ou25,dc,T1,close,2022/23,4.5085472591929965e-08
ou25,dc,T1,close,2023/24,4.5085472591929965e-08
ou25,dc,T1,close,2024/25,4.5085472591929965e-08
ou25,dc,T1,close,2025/26,4.5085472591929965e-08
ou25,dc,T1,close,2026/27,4.5085472591929965e-08
