model,n,rps,log_loss,brier,cal_slope,market
dc,66373,0.2109318617498996,1.0273202888592208,0.6147578551166153,0.8777582916077259,1x2
elo,66373,0.2082591260224144,1.0163859675600306,0.6088704099479876,0.9048533289645158,1x2
pi,66373,0.20874615240168154,1.017700820519461,0.609933649612071,0.935641311914432,1x2
market_pre,66373,0.20248406167780245,0.9986961300476569,0.5965470240466436,1.0103095889229057,1x2
market_close,66373,0.20123115801024496,0.9941389152813535,0.5935971334104887,1.0297805015498427,1x2
lgb_goals,66373,0.20744294934422822,1.0136327314823006,0.6071012252127546,0.9768167437674645,1x2
lgb_goals (uncalibrated),66373,0.2074794422367444,1.0137155079013926,0.607155534795498,0.9739889069634341,1x2
lgb_xg,66373,0.206288555180363,1.010303006477347,0.6048092377056863,0.95857612191995,1x2
lgb_xg (uncalibrated),66373,0.20614019413195975,1.0097286180571252,0.6044276276133687,0.9614450854036596,1x2
cb_goals,66373,0.20759971606753536,1.014171843577047,0.6075061956946184,0.9700953998333534,1x2
cb_goals (uncalibrated),66373,0.20757888580940367,1.0138831582608074,0.6073650258852308,0.9770890459943157,1x2
cb_xg,66373,0.20632614368660557,1.010636221525289,0.6050181330630309,0.9611469149731768,1x2
cb_xg (uncalibrated),66373,0.2061081516950819,1.0095835562411914,0.6043628818086798,0.9593726177683364,1x2
lgbd_xg,66373,0.20249874932731013,0.9987740483319337,0.5966029109609647,0.9940059494735537,1x2
lgbd_xg (uncalibrated),66373,0.20246040062201295,0.9985181948705942,0.5964820420476483,1.009860333884267,1x2
dc,46417,0.24827217392677908,0.6921297967784069,0.49654434785355817,0.503975310992378,ou25
market_pre,46417,0.24195593920941755,0.6775330231215575,0.4839118784188351,0.9165410719770388,ou25
market_close,46417,0.24014788446355073,0.6729990041516268,0.48029576892710146,1.0192534526181318,ou25
lgb_goals,46417,0.24425035811135845,0.6814978595484699,0.4885007162227169,0.9996113201725891,ou25
lgb_goals (uncalibrated),46417,0.24418654243463633,0.6813665081865545,0.48837308486927267,1.0200091442675125,ou25
lgb_xg,46417,0.24366061394547917,0.6802925058742251,0.48732122789095833,1.0072953500946897,ou25
lgb_xg (uncalibrated),46417,0.2436175240774895,0.6802026653552484,0.487235048154979,1.0141177198304656,ou25
cb_goals,46417,0.24427414592271718,0.6815502284920338,0.48854829184543436,0.9859105392254471,ou25
cb_goals (uncalibrated),46417,0.24423314837594123,0.6814651565028005,0.48846629675188247,0.9948803448485234,ou25
cb_xg,46417,0.24383092866704537,0.6806443892189653,0.48766185733409073,1.0061858983604142,ou25
cb_xg (uncalibrated),46417,0.2437642448645058,0.680498124302442,0.4875284897290116,1.037860083198777,ou25
lgbd_xg,46417,0.24196363680895297,0.6774159403123664,0.48392727361790594,0.9064588071648956,ou25
lgbd_xg (uncalibrated),46417,0.2419503930678963,0.6775357715489972,0.4839007861357926,0.9109191976609393,ou25
