season,best_iter,rounds,calibrator,n_train,n_cal,ll_identity,ll_isotonic,ll_beta,ll_venn_abers,model,market
2016/17,73,80,beta,26871,3359,1.0062816201485183,1.056093090228736,1.0060835028765525,1.011822910099589,lgb_goals,1x2
2017/18,141,155,identity,33589,3359,0.9920423083513108,1.000609385284804,0.9930113472105648,0.9936856887367432,lgb_goals,1x2
2018/19,114,125,identity,40307,3359,0.998886322718957,1.0585814183584878,0.9995656724481604,1.0020393964372356,lgb_goals,1x2
2019/20,116,128,identity,46904,3299,1.0061765765218231,1.031757145533887,1.0071170902057394,1.010128540849406,lgb_goals,1x2
2020/21,97,107,beta,52933,3020,1.017213798949097,1.0328832185382977,1.016932520797046,1.01916730078955,lgb_goals,1x2
2021/22,79,87,beta,59760,3408,1.0302643494470636,1.041450235802534,1.0269735035469272,1.028766128646965,lgb_goals,1x2
2022/23,283,311,identity,66536,3388,1.0039580760194005,1.008400476241924,1.0062472590332752,1.008737458300827,lgb_goals,1x2
2023/24,86,95,identity,73274,3369,0.9934180749537412,1.0426932779273053,0.998150627832732,1.0001547364956835,lgb_goals,1x2
2024/25,116,128,identity,79981,3354,1.003540890477102,1.0319352628553584,1.0044548812072698,1.0074221998033546,lgb_goals,1x2
2025/26,185,204,identity,86570,3295,1.002950043814378,1.0137307038674397,1.004055900655426,1.0080773454953145,lgb_goals,1x2
2026/27,620,682,identity,93124,3277,1.0172104098047767,1.083646723962946,1.018432686712725,1.0223714326197304,lgb_goals,1x2
2016/17,81,89,beta,26871,3359,1.0047203360614745,1.0330637254450588,1.0045046699627471,1.0084396221480738,lgb_xg,1x2
2017/18,143,157,identity,33589,3359,0.9896418147071216,1.0015016862478876,0.9903175633588328,0.9941091432344328,lgb_xg,1x2
2018/19,106,117,identity,40307,3359,1.0017694549147602,1.0479704581455729,1.0018402730197218,1.003522518672714,lgb_xg,1x2
2019/20,178,196,identity,46904,3299,1.005930877141928,1.026272412836344,1.0079672126581634,1.0108874590176382,lgb_xg,1x2
2020/21,130,143,beta,52933,3020,1.0128073716433752,1.0419510106213936,1.0121959169410508,1.0132536008947606,lgb_xg,1x2
2021/22,177,195,beta,59760,3408,1.0262760774126336,1.028881604554921,1.0228515178823,1.0230913977199545,lgb_xg,1x2
2022/23,250,275,identity,66536,3388,0.9953033985230896,1.008119175815051,0.9978603992172692,1.0025546472716758,lgb_xg,1x2
2023/24,167,184,venn_abers,73274,3369,0.9891193421323784,1.01097366378064,0.9925698558760994,0.9875472499278034,lgb_xg,1x2
2024/25,243,267,identity,79981,3354,1.0018081809101054,1.0126752743985812,1.002863158614385,1.0041358441337676,lgb_xg,1x2
2025/26,188,207,identity,86570,3295,0.9979198738049828,1.0043959998785488,0.9994295402830744,1.0044324191515208,lgb_xg,1x2
2026/27,296,326,identity,93124,3277,1.010799924041641,1.07461404921881,1.014019760665417,1.0160764264231186,lgb_xg,1x2
2016/17,104,114,identity,26871,3359,1.0067819745342623,1.0566563866256644,1.007823893820634,1.0118764744783084,cb_goals,1x2
2017/18,113,124,venn_abers,33589,3359,0.9935707468790244,1.0179745292764375,0.9949430236760374,0.9926890935253444,cb_goals,1x2
2018/19,51,56,identity,40307,3359,0.9991611202218152,1.04302638295519,0.9995680524169608,1.0052355473859298,cb_goals,1x2
2019/20,174,191,identity,46904,3299,1.007639038521165,1.0212356234171065,1.008248937075649,1.0085987218321506,cb_goals,1x2
2020/21,90,99,beta,52933,3020,1.0185580364376057,1.0388908226561346,1.017908204438751,1.0184808419252676,cb_goals,1x2
2021/22,43,47,beta,59760,3408,1.0306412749707905,1.0334841956282437,1.0281352475635013,1.0284025941654074,cb_goals,1x2
2022/23,141,155,identity,66536,3388,1.0010891549553853,1.0054504845796464,1.0043922813961677,1.0070412173194112,cb_goals,1x2
2023/24,121,133,identity,73274,3369,0.9936556932605732,1.0398364197712706,0.99876461491958,0.9990958469523336,cb_goals,1x2
2024/25,67,74,identity,79981,3354,1.0036479864822974,1.0352848802115484,1.0041899781540835,1.0048226339085713,cb_goals,1x2
2025/26,163,179,identity,86570,3295,1.005799989565645,1.016915671737399,1.0067835427804686,1.0105135751452703,cb_goals,1x2
2026/27,588,647,identity,93124,3277,1.019399186678121,1.0569006387405897,1.0208223219664745,1.0233180242242572,cb_goals,1x2
2016/17,69,76,identity,26871,3359,1.0078102324922862,1.0688760632403138,1.0086637957280056,1.0130898688533931,cb_xg,1x2
2017/18,151,166,venn_abers,33589,3359,0.9917672640053532,0.9959358690877342,0.9930667684954634,0.9889584735821116,cb_xg,1x2
2018/19,164,180,venn_abers,40307,3359,0.9974752580564268,1.0156474025337123,0.9970614642890478,0.996617930494272,cb_xg,1x2
2019/20,131,144,identity,46904,3299,1.006694295416332,1.0105434965206088,1.0081608609357624,1.0081897987779465,cb_xg,1x2
2020/21,197,217,beta,52933,3020,1.0144239902640175,1.026564372042455,1.012785915840437,1.013421697129673,cb_xg,1x2
2021/22,200,220,venn_abers,59760,3408,1.0259529434821577,1.0363254076430517,1.0225014083401085,1.0219161241688164,cb_xg,1x2
2022/23,295,324,identity,66536,3388,0.9941580854901264,1.0063640567213283,0.996470891472632,1.0009343674830449,cb_xg,1x2
2023/24,134,147,identity,73274,3369,0.9903240600329004,1.0144969939555597,0.9952477613445064,0.9916162287756216,cb_xg,1x2
2024/25,201,221,identity,79981,3354,0.999170522122944,1.0194759550930048,1.0002121372160095,1.005432976644982,cb_xg,1x2
2025/26,418,460,identity,86570,3295,0.995500890288093,0.999035791231328,0.997889174129348,0.9992896143468608,cb_xg,1x2
2026/27,506,557,identity,93124,3277,1.0116563624988923,1.0498937669323234,1.0140168099535125,1.01628119858077,cb_xg,1x2
2016/17,9,10,identity,26491,3338,0.9926019045280604,1.012662629644444,0.9933047816750084,0.9985874656967608,lgbd_xg,1x2
2017/18,31,34,beta,33105,3307,0.9659515100491404,0.9845676141378256,0.9655575204063874,0.967348454587901,lgbd_xg,1x2
2018/19,13,14,identity,39702,3299,0.9891380056517608,1.0411460210810783,0.9896505600954124,0.9918362191743688,lgbd_xg,1x2
2019/20,126,139,identity,46207,3253,0.9944545360351288,1.0002307526176346,0.9945991181717838,0.9983453339733548,lgbd_xg,1x2
2020/21,16,18,identity,52170,2987,1.0078693944543378,1.0242916988242017,1.008908536585435,1.0105672862539,lgbd_xg,1x2
2021/22,9,10,venn_abers,58946,3383,1.0018254848807475,1.0068546148266118,1.0006220195019453,1.0001534930858096,lgbd_xg,1x2
2022/23,24,26,identity,65717,3386,0.9790524441171108,0.9889830853273864,0.9793187858166073,0.9826545616684093,lgbd_xg,1x2
2023/24,24,26,identity,72414,3349,0.9879731345661428,1.0346096004616183,0.9919705022129174,0.9920095109117142,lgbd_xg,1x2
2024/25,52,57,identity,79116,3351,0.984484932183438,1.0157642615904707,0.9851875801884378,0.9928025687298706,lgbd_xg,1x2
2025/26,61,67,identity,85700,3292,0.983867694900609,1.0016297634788869,0.9849261941313922,0.9887400069700322,lgbd_xg,1x2
2026/27,147,162,venn_abers,91808,3054,1.0155903140092133,1.020898276003028,1.0152658468927722,1.012168731562464,lgbd_xg,1x2
2016/17,98,108,beta,26871,3359,0.6873074348146769,0.6944429821266621,0.6867372304094542,0.6875402610297422,lgb_goals,ou25
2017/18,113,124,venn_abers,33589,3359,0.6770229505081176,0.6950938985427361,0.6782779442814287,0.6765637140743582,lgb_goals,ou25
2018/19,81,89,identity,40307,3359,0.6826409601103826,0.7431619301853526,0.6858833865698392,0.6879041503604411,lgb_goals,ou25
2019/20,151,166,identity,46904,3299,0.6794339110253499,0.7062269068262853,0.6818896724536493,0.684334098847283,lgb_goals,ou25
2020/21,147,162,identity,52933,3020,0.6842890925241267,0.712159852449013,0.6863819611609763,0.6875092632444859,lgb_goals,ou25
2021/22,136,150,identity,59760,3408,0.6792333994958485,0.7178805301394465,0.689392207249893,0.6895787902311845,lgb_goals,ou25
2022/23,285,314,identity,66536,3388,0.6810935511350852,0.6981552613596397,0.6826066100627137,0.6837562297192646,lgb_goals,ou25
2023/24,101,111,identity,73274,3369,0.6719515000266701,0.7009482131345962,0.6794213136962691,0.6807509013252819,lgb_goals,ou25
2024/25,294,323,beta,79981,3354,0.6746051849443572,0.6836276381698747,0.6732709978191911,0.6758788542430395,lgb_goals,ou25
2025/26,126,139,identity,86570,3295,0.6824584932071952,0.7002914862384463,0.6840793547557446,0.6856133130260367,lgb_goals,ou25
2026/27,96,106,identity,93124,3277,0.6819062465306022,0.7068837743413615,0.6834883670008284,0.685164135477398,lgb_goals,ou25
2016/17,80,88,beta,26871,3359,0.6900855266555852,0.6992200920541607,0.6891692778986073,0.6921580781250734,lgb_xg,ou25
2017/18,87,96,venn_abers,33589,3359,0.6763347507544982,0.6869175031936205,0.675803860948927,0.6741726142469231,lgb_xg,ou25
2018/19,137,151,identity,40307,3359,0.6806958683629751,0.7066609703837877,0.6843061910018352,0.6853983582322125,lgb_xg,ou25
2019/20,104,114,identity,46904,3299,0.6788794802637222,0.7201692907624921,0.6819885384068934,0.6851170184869327,lgb_xg,ou25
2020/21,139,153,identity,52933,3020,0.6829292817163808,0.7384967215856468,0.6852935838438049,0.6872497096178237,lgb_xg,ou25
2021/22,126,139,identity,59760,3408,0.6766185812515302,0.704355662272172,0.6895244963016071,0.6895167219957622,lgb_xg,ou25
2022/23,80,88,identity,66536,3388,0.6795665544743884,0.6822445598465391,0.6825471486003813,0.6819098360228764,lgb_xg,ou25
2023/24,101,111,identity,73274,3369,0.6706514928033386,0.6936803978087526,0.6778184754620238,0.6795900296397124,lgb_xg,ou25
2024/25,255,280,beta,79981,3354,0.6715559324595343,0.6716313358452968,0.6713318256605223,0.6723688441263039,lgb_xg,ou25
2025/26,155,170,identity,86570,3295,0.6814787803068062,0.7073436057455935,0.6841577511854054,0.6857148708057228,lgb_xg,ou25
2026/27,300,330,identity,93124,3277,0.6814663419871085,0.7165773567966303,0.6856388253470548,0.6869497717401604,lgb_xg,ou25
2016/17,69,76,beta,26871,3359,0.6881743314767385,0.6913454865056494,0.6881141662743641,0.6908863052514096,cb_goals,ou25
2017/18,65,72,identity,33589,3359,0.6778966471503529,0.6849886249999014,0.6789709126124313,0.6791056264437297,cb_goals,ou25
2018/19,118,130,identity,40307,3359,0.6829237710442174,0.7189319025872913,0.6854590014562825,0.6892561993650764,cb_goals,ou25
2019/20,100,110,identity,46904,3299,0.6788500470946328,0.728159372958584,0.6813978814982061,0.686224485746056,cb_goals,ou25
2020/21,187,206,identity,52933,3020,0.6839741462979974,0.7360064311050292,0.685036274204008,0.6864043164912651,cb_goals,ou25
2021/22,125,138,identity,59760,3408,0.6772805324403851,0.7073506617109011,0.6866028529597242,0.6871689879875306,cb_goals,ou25
2022/23,96,106,identity,66536,3388,0.6838992351975819,0.6901398809868464,0.6872506438668371,0.6884039176446098,cb_goals,ou25
2023/24,91,100,identity,73274,3369,0.6724569798410763,0.6817886553798544,0.6813670567779315,0.681136588633279,cb_goals,ou25
2024/25,255,280,beta,79981,3354,0.674263627666932,0.6838857922961051,0.6739707895270953,0.6757930583425816,cb_goals,ou25
2025/26,205,226,identity,86570,3295,0.6809309499759297,0.7110775458280756,0.6846902813241682,0.6845687515710608,cb_goals,ou25
2026/27,224,246,identity,93124,3277,0.6814716971330601,0.7335903830439965,0.6914078856550414,0.6878386391093223,cb_goals,ou25
2016/17,38,42,identity,26871,3359,0.689987480430051,0.6942872658230048,0.6900367487412791,0.6943832039244529,cb_xg,ou25
2017/18,71,78,venn_abers,33589,3359,0.6756143021812743,0.6816962521740918,0.6754649995385534,0.6750737291229512,cb_xg,ou25
2018/19,94,103,identity,40307,3359,0.6800230044489324,0.7012475390898353,0.6827070025145066,0.6808516567455055,cb_xg,ou25
2019/20,83,91,identity,46904,3299,0.677973624207565,0.6956974010758088,0.6803512514092693,0.6812589467021648,cb_xg,ou25
2020/21,74,81,identity,52933,3020,0.6820731592599418,0.7574761874363476,0.6837026694239913,0.685766541021452,cb_xg,ou25
2021/22,70,77,identity,59760,3408,0.6770238831283161,0.745015932608001,0.6893977336130865,0.6906279118609893,cb_xg,ou25
2022/23,63,69,identity,66536,3388,0.6812958423992149,0.6840511762314514,0.6855384404722977,0.6834489694041402,cb_xg,ou25
2023/24,94,103,identity,73274,3369,0.671379607815814,0.6781980256807736,0.678948205449075,0.6786933458766717,cb_xg,ou25
2024/25,142,156,beta,79981,3354,0.6714826100378557,0.6723828781809209,0.671138418050337,0.6732318123594362,cb_xg,ou25
2025/26,241,265,identity,86570,3295,0.680808165820912,0.7200685662552467,0.68307625139915,0.684490429078322,cb_xg,ou25
2026/27,30,33,identity,93124,3277,0.6827521786143861,0.683997894162342,0.684594329551611,0.682917407888848,cb_xg,ou25
2016/17,5,6,beta,26816,3359,0.679745950223017,0.6933223341748547,0.6786590785552027,0.6798239497078635,lgbd_xg,ou25
2017/18,15,16,beta,33534,3359,0.6621183844519113,0.6748849195450806,0.6613419496878773,0.661997745679765,lgbd_xg,ou25
2018/19,3,3,identity,40252,3359,0.6725239425809335,0.6895288095645873,0.6753785707676033,0.676533418264866,lgbd_xg,ou25
2019/20,11,12,identity,46828,3288,0.6707724112104388,0.672575410134545,0.6716297679213735,0.6716079017531983,lgbd_xg,ou25
2020/21,21,23,identity,52785,2984,0.6776496725669736,0.688762571597401,0.6794195122396078,0.679992354627225,lgbd_xg,ou25
2021/22,2,2,identity,59555,3380,0.6689359537691335,0.6760904197358687,0.6781511219754908,0.6756411886784102,lgbd_xg,ou25
2022/23,9,10,identity,66321,3383,0.6714968617588549,0.6877277541058653,0.6732545933377899,0.6749863102208966,lgbd_xg,ou25
2023/24,15,16,identity,72999,3339,0.6705743872485209,0.6911570559896284,0.6753657370386287,0.6768761899272387,lgbd_xg,ou25
2024/25,100,110,venn_abers,79679,3340,0.6639427616852308,0.6699434948995645,0.6638071239776415,0.662019757447241,lgbd_xg,ou25
2025/26,104,114,identity,86243,3282,0.6745550216240284,0.698376063220351,0.6751252372304261,0.6772820861206711,lgbd_xg,ou25
2026/27,138,152,beta,92198,2978,0.6956073054143616,0.7193054772472538,0.6846277749356602,0.6861488889773986,lgbd_xg,ou25
