market,model,div,phase,n,n_seasons,w_expanding,w_min,w_max,w_pooled,w_lo,w_hi,pool_logloss,market_logloss
1x2,lgb_goals,B1,pre,2821,9,0.022634838184529906,4.5085472591929965e-08,0.20371318297698843,0.21819702272731736,4.5085472591929965e-08,0.4486385191203726,0.995486867624037,0.9956419282610751
1x2,lgb_goals,B1,close,2821,9,0.010476769354867615,4.5085472591929965e-08,0.04292916626468088,4.5085472591929965e-08,4.5085472591929965e-08,0.045559145168763956,0.9798764120027719,0.9797764907831816
1x2,lgb_goals,D1,pre,3077,10,4.508547259192996e-08,4.5085472591929965e-08,4.5085472591929965e-08,4.5085472591929965e-08,4.5085472591929965e-08,0.01818909201041633,0.9762225003116681,0.9762225000719249
1x2,lgb_goals,D1,close,3077,10,4.508547259192996e-08,4.5085472591929965e-08,4.5085472591929965e-08,4.5085472591929965e-08,4.5085472591929965e-08,0.11698952884074924,0.9750434614889879,0.9750434613608283
1x2,lgb_goals,D2,pre,3086,10,0.08053282565040479,4.5085472591929965e-08,0.22269050794659195,0.05173823561502799,4.5085472591929965e-08,0.22403490082657626,1.0525950209862622,1.052269672000852
1x2,lgb_goals,D2,close,3086,10,0.0696583581386963,4.5085472591929965e-08,0.18166184357033865,0.06677491575421696,4.5085472591929965e-08,0.23801938281475682,1.0514340246749998,1.0512233803192865
1x2,lgb_goals,E0,pre,3828,10,0.05566985668254787,4.5085472591929965e-08,0.20914431288498495,4.5085472591929965e-08,4.5085472591929965e-08,0.08208048073586426,0.9590648640101724,0.958672866922081
1x2,lgb_goals,E0,close,3828,10,0.04853360764842203,4.5085472591929965e-08,0.2058387225511359,4.5085472591929965e-08,4.5085472591929965e-08,0.04353200600362628,0.9550957063663178,0.9546671179041861
1x2,lgb_goals,E1,pre,5569,10,4.508547259192996e-08,4.5085472591929965e-08,4.5085472591929965e-08,4.5085472591929965e-08,4.5085472591929965e-08,0.023233560139415334,1.0368724925918886,1.0368724925089081
1x2,lgb_goals,E1,close,5569,10,4.508547259192996e-08,4.5085472591929965e-08,4.5085472591929965e-08,4.5085472591929965e-08,4.5085472591929965e-08,0.06469311302891484,1.035586816317145,1.0355868162952109
1x2,lgb_goals,E2,pre,5409,10,0.017800222083666217,4.5085472591929965e-08,0.0967483275494496,4.5085472591929965e-08,4.5085472591929965e-08,0.14179263144955265,1.0265079490462097,1.0264229685517985
1x2,lgb_goals,E2,close,5409,10,4.508547259192996e-08,4.5085472591929965e-08,4.5085472591929965e-08,4.5085472591929965e-08,4.5085472591929965e-08,0.014994190022832529,1.0212304919484314,1.0212304917859805
1x2,lgb_goals,E3,pre,5458,10,0.00936085688986731,4.5085472591929965e-08,0.09360816312941979,0.11198161628903684,4.5085472591929965e-08,0.2852642529164594,1.0529859596748716,1.0530466892731665
1x2,lgb_goals,E3,close,5458,10,0.003947001996296534,4.5085472591929965e-08,0.03946961419371202,4.5085472591929965e-08,4.5085472591929965e-08,0.0495432437304332,1.046603697553265,1.0465434525646844
1x2,lgb_goals,F1,pre,3495,10,0.06421947603540853,4.5085472591929965e-08,0.44334966018349836,4.5085472591929965e-08,4.5085472591929965e-08,4.5085472591929965e-08,0.9858335005141873,0.9848575716560034
1x2,lgb_goals,F1,close,3495,10,0.05660468068258643,4.5085472591929965e-08,0.3977603315176471,4.5085472591929965e-08,4.5085472591929965e-08,0.04237541690506108,0.9834768334499958,0.9826039700776621
1x2,lgb_goals,F2,pre,3570,10,0.0033704301299618622,4.5085472591929965e-08,0.030195882926931917,4.5085472591929965e-08,4.5085472591929965e-08,0.21708341287639543,1.0457005911946142,1.0456860850506027
1x2,lgb_goals,F2,close,3570,10,0.009466066899585098,4.5085472591929965e-08,0.04782608440283178,4.5085472591929965e-08,4.5085472591929965e-08,0.08810584750177235,1.0387132108519577,1.038642112237249
1x2,lgb_goals,G1,pre,2214,9,0.04984532371321651,4.5085472591929965e-08,0.321250226356734,0.35182339334762086,0.16154873795108224,0.5125253391446991,0.9400379528837202,0.9404964916575695
1x2,lgb_goals,G1,close,2214,9,0.01693745892812365,4.5085472591929965e-08,0.06828909824695387,4.5085472591929965e-08,4.5085472591929965e-08,0.08966154131939635,0.9220391310216157,0.9217825424232119
1x2,lgb_goals,I1,pre,3822,10,0.0013331942260151042,4.5085472591929965e-08,0.013331536490897716,4.5085472591929965e-08,4.5085472591929965e-08,4.5085472591929965e-08,0.9522741934000101,0.9522388485011616
1x2,lgb_goals,I1,close,3822,10,4.508547259192996e-08,4.5085472591929965e-08,4.5085472591929965e-08,4.5085472591929965e-08,4.5085472591929965e-08,0.008296428776918335,0.9499849017210272,0.9499849014905921
1x2,lgb_goals,I2,pre,3869,10,0.016090684236523295,4.5085472591929965e-08,0.05468750899456797,0.05577958084649451,4.5085472591929965e-08,0.27119373264457375,1.0473725073916154,1.047294603188285
1x2,lgb_goals,I2,close,3869,10,0.0009610648185270456,4.5085472591929965e-08,0.00961024241601713,4.5085472591929965e-08,4.5085472591929965e-08,0.14634840860158918,1.0407042092985623,1.040697448234873
1x2,lgb_goals,N1,pre,3007,10,0.0742871633947192,4.5085472591929965e-08,0.3175485569887325,4.5085472591929965e-08,4.5085472591929965e-08,0.19010172364839395,0.9375598001924011,0.937128579375159
1x2,lgb_goals,N1,close,3007,10,0.054934685154309416,4.5085472591929965e-08,0.23590656678552951,0.1362468721268024,4.5085472591929965e-08,0.853917265222238,0.93950928372016,0.941792608188302
1x2,lgb_goals,P1,pre,3077,10,0.019921577910067663,4.5085472591929965e-08,0.19921537333142328,0.215485793855271,4.5085472591929965e-08,0.4802180325119042,0.9206502025082572,0.9207637161876245
1x2,lgb_goals,P1,close,3077,10,0.050514923608995135,4.5085472591929965e-08,0.14514775037518007,4.5085472591929965e-08,4.5085472591929965e-08,0.2063525691997121,0.912194220075015,0.9119620528384322
1x2,lgb_goals,SC0,pre,2244,9,0.0008832943036443002,4.5085472591929965e-08,0.007949288049017967,0.0462883699689308,4.5085472591929965e-08,0.3144602683672188,0.9381330786596532,0.9381443047763055
1x2,lgb_goals,SC0,close,2244,9,4.5085472591929965e-08,4.5085472591929965e-08,4.5085472591929965e-08,4.5085472591929965e-08,4.5085472591929965e-08,0.11129519462208919,0.9314381303115711,0.9314381303170317
1x2,lgb_goals,SP1,pre,3834,10,4.508547259192996e-08,4.5085472591929965e-08,4.5085472591929965e-08,4.5085472591929965e-08,4.5085472591929965e-08,0.08401100833422286,0.973555737845129,0.9735557377655617
1x2,lgb_goals,SP1,close,3834,10,4.508547259192996e-08,4.5085472591929965e-08,4.5085472591929965e-08,4.5085472591929965e-08,4.5085472591929965e-08,0.08712667479370113,0.970713475889144,0.9707134758351256
1x2,lgb_goals,SP2,pre,4618,10,0.11764854045838839,0.004062125919789132,0.30901899069410405,0.1082270678954464,4.5085472591929965e-08,0.22834301190984416,1.0374297392504839,1.037186169207797
1x2,lgb_goals,SP2,close,4618,10,0.06271246910442754,4.5085472591929965e-08,0.32006586283780264,4.5085472591929965e-08,4.5085472591929965e-08,0.09847975922373477,1.0324477632784892,1.0320797030859183
1x2,lgb_goals,T1,pre,3375,10,0.13511030617493797,0.021371251960028387,0.3127593517752952,0.06955511444605436,4.5085472591929965e-08,0.2642554577845489,0.9812992839695017,0.9808964424920856
1x2,lgb_goals,T1,close,3375,10,0.07133522935515389,4.5085472591929965e-08,0.15667002093516627,4.5085472591929965e-08,4.5085472591929965e-08,0.14338447082676922,0.9751039067835982,0.9749655959476679
1x2,lgb_xg,B1,pre,2821,9,0.07817166535603186,4.5085472591929965e-08,0.4162843474576078,0.4209930822626874,0.032003932271017485,0.67084021039381,0.9953132083619937,0.9956419282610751
1x2,lgb_xg,B1,close,2821,9,0.0576763891743007,4.5085472591929965e-08,0.20928550749843097,4.5085472591929965e-08,4.5085472591929965e-08,0.19482547905797948,0.9802429898514883,0.9797764907831816
1x2,lgb_xg,D1,pre,3077,10,0.0015901275733894798,4.5085472591929965e-08,0.015900869964641472,4.5085472591929965e-08,4.5085472591929965e-08,0.08551540836617824,0.9762450620340217,0.9762225000719249
1x2,lgb_xg,D1,close,3077,10,0.01708491483847571,4.5085472591929965e-08,0.07684839537814034,4.5085472591929965e-08,4.5085472591929965e-08,0.14002247212240443,0.9752281836912876,0.9750434613608283
1x2,lgb_xg,D2,pre,3086,10,0.09183067140965635,4.5085472591929965e-08,0.19590331878894546,0.13204022840143873,4.5085472591929965e-08,0.29859090339108657,1.052345209498128,1.052269672000852
1x2,lgb_xg,D2,close,3086,10,0.06990013178993196,4.5085472591929965e-08,0.1432145345148481,0.12352247117136332,4.5085472591929965e-08,0.3166813640430303,1.0512460826313887,1.0512233803192865
1x2,lgb_xg,E0,pre,3828,10,0.047114983788122476,4.5085472591929965e-08,0.19284471527067748,4.5085472591929965e-08,4.5085472591929965e-08,0.11797038001749903,0.958960816255113,0.958672866922081
1x2,lgb_xg,E0,close,3828,10,0.03671595315134555,4.5085472591929965e-08,0.18274831745886805,4.5085472591929965e-08,4.5085472591929965e-08,0.04968295154623462,0.9549908866627448,0.9546671179041861
1x2,lgb_xg,E1,pre,5569,10,4.508547259192996e-08,4.5085472591929965e-08,4.5085472591929965e-08,4.5085472591929965e-08,4.5085472591929965e-08,4.5085472591929965e-08,1.036872492650129,1.0368724925089081
1x2,lgb_xg,E1,close,5569,10,4.508547259192996e-08,4.5085472591929965e-08,4.5085472591929965e-08,4.5085472591929965e-08,4.5085472591929965e-08,0.016011786530244373,1.0355868163982087,1.0355868162952109
1x2,lgb_xg,E2,pre,5409,10,0.024968373041405024,4.5085472591929965e-08,0.12205866417852793,4.5085472591929965e-08,4.5085472591929965e-08,0.11899443103883965,1.0264839023214185,1.0264229685517985
1x2,lgb_xg,E2,close,5409,10,4.508547259192996e-08,4.5085472591929965e-08,4.5085472591929965e-08,4.5085472591929965e-08,4.5085472591929965e-08,4.5085472591929965e-08,1.0212304919908486,1.0212304917859805
1x2,lgb_xg,E3,pre,5458,10,0.006748895486831714,4.5085472591929965e-08,0.06748854909906382,0.07275347043672417,4.5085472591929965e-08,0.28995670112749494,1.053036099047484,1.0530466892731665
1x2,lgb_xg,E3,close,5458,10,0.0029461831010487837,4.5085472591929965e-08,0.02946142524123451,4.5085472591929965e-08,4.5085472591929965e-08,4.5085472591929965e-08,1.0465792112061219,1.0465434525646844
1x2,lgb_xg,F1,pre,3495,10,0.019618848243430152,4.5085472591929965e-08,0.18481592086173876,4.5085472591929965e-08,4.5085472591929965e-08,4.5085472591929965e-08,0.9850386963102667,0.9848575716560034
1x2,lgb_xg,F1,close,3495,10,0.015423602074978195,4.5085472591929965e-08,0.1542356149805286,4.5085472591929965e-08,4.5085472591929965e-08,0.024380418062858223,0.9827443963226359,0.9826039700776621
1x2,lgb_xg,F2,pre,3570,10,0.016240338500405793,4.5085472591929965e-08,0.07418632189782834,0.05828448324965441,4.5085472591929965e-08,0.2650459577387126,1.0457350539172334,1.0456860850506027
1x2,lgb_xg,F2,close,3570,10,0.011593579960919004,4.5085472591929965e-08,0.06309113407003222,4.5085472591929965e-08,4.5085472591929965e-08,0.1144785454315565,1.0387026665683128,1.038642112237249
1x2,lgb_xg,G1,pre,2214,9,0.1819031017997812,0.008728639384317274,0.4215810362385265,0.4441012435419101,0.2469630615022773,0.6480131342397549,0.936980921192273,0.9404964916575695
1x2,lgb_xg,G1,close,2214,9,0.09237693413335915,0.020564015018120618,0.18472687365234716,0.03729142934555525,4.5085472591929965e-08,0.21391365968001927,0.9221942702443536,0.9217825424232119
1x2,lgb_xg,I1,pre,3822,10,0.008663464129667864,4.5085472591929965e-08,0.08663423552742532,4.5085472591929965e-08,4.5085472591929965e-08,0.08753004365630183,0.9523834670630118,0.9522388485011616
1x2,lgb_xg,I1,close,3822,10,0.0022787044242344686,4.5085472591929965e-08,0.02278663847309136,4.5085472591929965e-08,4.5085472591929965e-08,0.051608640740962476,0.9500279771602351,0.9499849014905921
1x2,lgb_xg,I2,pre,3869,10,0.05595867960881403,4.5085472591929965e-08,0.15264220187149072,0.06065219762005564,4.5085472591929965e-08,0.2822954725289127,1.0475218354906721,1.047294603188285
1x2,lgb_xg,I2,close,3869,10,4.508547259192996e-08,4.5085472591929965e-08,4.5085472591929965e-08,4.5085472591929965e-08,4.5085472591929965e-08,0.1418586707478682,1.0406974484161957,1.040697448234873
1x2,lgb_xg,N1,pre,3007,10,0.08022545635544501,4.5085472591929965e-08,0.3642675207887444,0.03271427847249982,4.5085472591929965e-08,0.2820061924541859,0.9376525757732487,0.937128579375159
1x2,lgb_xg,N1,close,3007,10,0.05834155284125643,4.5085472591929965e-08,0.23796465594445637,0.18375043009249106,4.5085472591929965e-08,0.9170999622282824,0.9394228278605828,0.941792608188302
1x2,lgb_xg,P1,pre,3077,10,0.04360034996076274,4.5085472591929965e-08,0.3189903869616701,0.3256489406505717,0.058267924065201655,0.584251446747575,0.9201027138541796,0.9207637161876245
1x2,lgb_xg,P1,close,3077,10,0.05671124733752266,4.5085472591929965e-08,0.09592992514551965,0.06182085073508062,4.5085472591929965e-08,0.2704344614717658,0.9119460264362708,0.9119620528384322
1x2,lgb_xg,SC0,pre,2244,9,0.00020851611808004084,4.5085472591929965e-08,0.0018762843789396323,0.04078037479176305,4.5085472591929965e-08,0.342901261259117,0.9381420129703993,0.9381443047763055
1x2,lgb_xg,SC0,close,2244,9,4.5085472591929965e-08,4.5085472591929965e-08,4.5085472591929965e-08,4.5085472591929965e-08,4.5085472591929965e-08,0.08070047562839318,0.9314381304042791,0.9314381303170317
1x2,lgb_xg,SP1,pre,3834,10,0.009252429859843992,4.5085472591929965e-08,0.031697141614913396,4.5085472591929965e-08,4.5085472591929965e-08,0.22662126630594462,0.9735900209006121,0.9735557377655617
1x2,lgb_xg,SP1,close,3834,10,0.0015045955391332691,4.5085472591929965e-08,0.012247585101944883,4.5085472591929965e-08,4.5085472591929965e-08,0.16299927431704975,0.9707189655089119,0.9707134758351256
1x2,lgb_xg,SP2,pre,4618,10,0.08226715299570916,4.5085472591929965e-08,0.28882729060350165,0.09980463972831956,4.5085472591929965e-08,0.2554609094552926,1.0375242754959877,1.037186169207797
1x2,lgb_xg,SP2,close,4618,10,0.03443327299716187,4.5085472591929965e-08,0.30215820665388554,4.5085472591929965e-08,4.5085472591929965e-08,0.05260409786449457,1.0325140508281412,1.0320797030859183
1x2,lgb_xg,T1,pre,3375,10,0.0620618115715279,4.5085472591929965e-08,0.23774833804527573,0.10826516475767971,4.5085472591929965e-08,0.30347111467985255,0.9812166581270667,0.9808964424920856
1x2,lgb_xg,T1,close,3375,10,0.008945870057565548,4.5085472591929965e-08,0.08945829480640216,4.5085472591929965e-08,4.5085472591929965e-08,0.14499820802622862,0.9750779410945766,0.9749655959476679
1x2,cb_goals,B1,pre,2821,9,0.044056119071240504,4.5085472591929965e-08,0.26809554812875047,0.26952249217155816,4.5085472591929965e-08,0.506708216931694,0.9957348345123663,0.9956419282610751
1x2,cb_goals,B1,close,2821,9,0.041577787203747864,4.5085472591929965e-08,0.18097767646540466,4.5085472591929965e-08,4.5085472591929965e-08,0.07798005626290647,0.9801488024602816,0.9797764907831816
1x2,cb_goals,D1,pre,3077,10,0.02698182539561971,4.5085472591929965e-08,0.2698178481869438,4.5085472591929965e-08,4.5085472591929965e-08,0.045548424413080726,0.9769131507482893,0.9762225000719249
1x2,cb_goals,D1,close,3077,10,0.02623145483056149,4.5085472591929965e-08,0.2623141425363616,4.5085472591929965e-08,4.5085472591929965e-08,0.11576835568515279,0.9755404983056271,0.9750434613608283
1x2,cb_goals,D2,pre,3086,10,0.02251180577950513,4.5085472591929965e-08,0.0589329224006241,0.014033944253031483,4.5085472591929965e-08,0.17153540130556955,1.052322586648325,1.052269672000852
1x2,cb_goals,D2,close,3086,10,0.020281990224869966,4.5085472591929965e-08,0.04590337482282107,0.036971113881653216,4.5085472591929965e-08,0.21299113399856406,1.051246966540904,1.0512233803192865
1x2,cb_goals,E0,pre,3828,10,0.013137585576823383,4.5085472591929965e-08,0.06986027085565642,4.5085472591929965e-08,4.5085472591929965e-08,0.053742660361994994,0.9587509105478936,0.958672866922081
1x2,cb_goals,E0,close,3828,10,0.012853347353040681,4.5085472591929965e-08,0.08536168635513725,4.5085472591929965e-08,4.5085472591929965e-08,0.02566855488807563,0.9547736335171129,0.9546671179041861
1x2,cb_goals,E1,pre,5569,10,4.508547259192996e-08,4.5085472591929965e-08,4.5085472591929965e-08,4.5085472591929965e-08,4.5085472591929965e-08,0.010349982212957536,1.0368724926152524,1.0368724925089081
1x2,cb_goals,E1,close,5569,10,4.508547259192996e-08,4.5085472591929965e-08,4.5085472591929965e-08,4.5085472591929965e-08,4.5085472591929965e-08,0.06199175839559921,1.0355868163435897,1.0355868162952109
1x2,cb_goals,E2,pre,5409,10,0.03127778402371194,4.5085472591929965e-08,0.15296100783239017,4.5085472591929965e-08,4.5085472591929965e-08,0.1386327704705907,1.0265825775888073,1.0264229685517985
1x2,cb_goals,E2,close,5409,10,0.0001735856625078924,4.5085472591929965e-08,0.0017354508558255967,4.5085472591929965e-08,4.5085472591929965e-08,0.038172406789928295,1.0212309637018167,1.0212304917859805
1x2,cb_goals,E3,pre,5458,10,0.009873328135018756,4.5085472591929965e-08,0.09873287558093423,0.11621175436080254,4.5085472591929965e-08,0.2841811897771673,1.052981717484138,1.0530466892731665
1x2,cb_goals,E3,close,5458,10,0.0018262125684747187,4.5085472591929965e-08,0.01826171991549386,4.5085472591929965e-08,4.5085472591929965e-08,0.05630855531048087,1.0465587881105018,1.0465434525646844
1x2,cb_goals,F1,pre,3495,10,0.03998938504634162,4.5085472591929965e-08,0.26007301489510926,4.5085472591929965e-08,4.5085472591929965e-08,0.009326413804027283,0.9853026696562468,0.9848575716560034
1x2,cb_goals,F1,close,3495,10,0.03419977668300607,4.5085472591929965e-08,0.22611381278320683,4.5085472591929965e-08,4.5085472591929965e-08,0.042491007686071045,0.9829843395725406,0.9826039700776621
1x2,cb_goals,F2,pre,3570,10,0.03475991917877399,4.5085472591929965e-08,0.21274816162834959,0.018074091189360146,4.5085472591929965e-08,0.2558921554456675,1.0461032131510741,1.0456860850506027
1x2,cb_goals,F2,close,3570,10,0.035532941231848136,4.5085472591929965e-08,0.20298228542781102,4.5085472591929965e-08,4.5085472591929965e-08,0.12377865923299157,1.0390972644889946,1.038642112237249
1x2,cb_goals,G1,pre,2214,9,0.04924748557224808,4.5085472591929965e-08,0.3319595323066114,0.3613373886433294,0.16677281871364874,0.5349365110974937,0.9398531799959435,0.9404964916575695
1x2,cb_goals,G1,close,2214,9,0.009253566297837022,4.5085472591929965e-08,0.03936330538121264,4.5085472591929965e-08,4.5085472591929965e-08,0.13548843207885058,0.9218575940642038,0.9217825424232119
1x2,cb_goals,I1,pre,3822,10,4.508547259192996e-08,4.5085472591929965e-08,4.5085472591929965e-08,4.5085472591929965e-08,4.5085472591929965e-08,0.0012453560363242138,0.9522388487316132,0.9522388485011616
1x2,cb_goals,I1,close,3822,10,4.508547259192996e-08,4.5085472591929965e-08,4.5085472591929965e-08,4.5085472591929965e-08,4.5085472591929965e-08,0.013145281088958759,0.9499849017040692,0.9499849014905921
1x2,cb_goals,I2,pre,3869,10,4.508547259192996e-08,4.5085472591929965e-08,4.5085472591929965e-08,4.5085472591929965e-08,4.5085472591929965e-08,0.14317790921622303,1.0472946032770698,1.047294603188285
1x2,cb_goals,I2,close,3869,10,4.508547259192996e-08,4.5085472591929965e-08,4.5085472591929965e-08,4.5085472591929965e-08,4.5085472591929965e-08,0.029561702000599627,1.0406974485328844,1.040697448234873
1x2,cb_goals,N1,pre,3007,10,0.04529520081242594,4.5085472591929965e-08,0.25759096330721304,0.011315530436196175,4.5085472591929965e-08,0.2327805075181472,0.9373682909682807,0.937128579375159
1x2,cb_goals,N1,close,3007,10,0.03829230878859059,4.5085472591929965e-08,0.18677858428442806,0.15177120836728547,4.5085472591929965e-08,0.8428008666927891,0.939340474538987,0.941792608188302
1x2,cb_goals,P1,pre,3077,10,0.020229106890956555,4.5085472591929965e-08,0.17721966729507257,0.19266554719561088,4.5085472591929965e-08,0.4340466969144596,0.9206759747050707,0.9207637161876245
1x2,cb_goals,P1,close,3077,10,0.05830489741552691,4.5085472591929965e-08,0.1683427500096876,4.5085472591929965e-08,4.5085472591929965e-08,0.17008984139059272,0.9122363010999441,0.9119620528384322
1x2,cb_goals,SC0,pre,2244,9,0.007808935243238179,4.5085472591929965e-08,0.05157642383119264,0.07356726464611965,4.5085472591929965e-08,0.331278280611965,0.9381094582509107,0.9381443047763055
1x2,cb_goals,SC0,close,2244,9,4.5085472591929965e-08,4.5085472591929965e-08,4.5085472591929965e-08,4.5085472591929965e-08,4.5085472591929965e-08,0.1238414222028852,0.9314381303336384,0.9314381303170317
1x2,cb_goals,SP1,pre,3834,10,0.0001775526216954082,4.5085472591929965e-08,0.0017751204477007545,4.5085472591929965e-08,4.5085472591929965e-08,0.08276661998172158,0.9735567258638479,0.9735557377655617
1x2,cb_goals,SP1,close,3834,10,0.0011166820752174932,4.5085472591929965e-08,0.011166414982921605,4.5085472591929965e-08,4.5085472591929965e-08,0.09561383890265096,0.970730200951915,0.9707134758351256
1x2,cb_goals,SP2,pre,4618,10,0.11057147982227769,4.5085472591929965e-08,0.35001232064839816,0.07865743944976429,4.5085472591929965e-08,0.21644514384985716,1.037679250296668,1.037186169207797
1x2,cb_goals,SP2,close,4618,10,0.07301080004548413,4.5085472591929965e-08,0.3589832368829791,4.5085472591929965e-08,4.5085472591929965e-08,0.07063551069907929,1.0325560894640344,1.0320797030859183
1x2,cb_goals,T1,pre,3375,10,0.12258815522283302,0.04894889033374662,0.22786367922850895,0.09060554278647223,4.5085472591929965e-08,0.30298906418228866,0.9809835296972781,0.9808964424920856
1x2,cb_goals,T1,close,3375,10,0.06500354104093094,4.5085472591929965e-08,0.1492447823001472,4.5085472591929965e-08,4.5085472591929965e-08,0.1613530912860193,0.9750997978034872,0.9749655959476679
1x2,cb_xg,B1,pre,2821,9,0.036981740716903716,4.5085472591929965e-08,0.33283530576835274,0.3362103751126088,4.5085472591929965e-08,0.6088236189400971,0.9955004678994088,0.9956419282610751
1x2,cb_xg,B1,close,2821,9,0.005032254854140129,4.5085472591929965e-08,0.03430757388463983,4.5085472591929965e-08,4.5085472591929965e-08,0.06555351452787363,0.97981143614225,0.9797764907831816
1x2,cb_xg,D1,pre,3077,10,0.07159058687861206,4.5085472591929965e-08,0.4512724697882277,4.5085472591929965e-08,4.5085472591929965e-08,0.1899871096980153,0.977082238191141,0.9762225000719249
1x2,cb_xg,D1,close,3077,10,0.1330485859450784,0.04923932073734752,0.4083696905070438,0.04970280610200339,4.5085472591929965e-08,0.2384224186721352,0.975637164293945,0.9750434613608283
1x2,cb_xg,D2,pre,3086,10,0.09399501802627555,4.5085472591929965e-08,0.1647080140600408,0.15520360331340502,4.5085472591929965e-08,0.3336835817731531,1.0521872517112445,1.052269672000852
1x2,cb_xg,D2,close,3086,10,0.07616976926400262,4.5085472591929965e-08,0.1415144825660395,0.14643260684933898,4.5085472591929965e-08,0.3436327596252201,1.0510939039611393,1.0512233803192865
1x2,cb_xg,E0,pre,3828,10,0.0442616720047944,4.5085472591929965e-08,0.14718478903295076,0.03013837410455128,4.5085472591929965e-08,0.18535755451557803,0.958887583819335,0.958672866922081
1x2,cb_xg,E0,close,3828,10,0.03518146282103111,4.5085472591929965e-08,0.14710994535565128,4.5085472591929965e-08,4.5085472591929965e-08,0.11013756598796846,0.9549255152736107,0.9546671179041861
1x2,cb_xg,E1,pre,5569,10,4.508547259192996e-08,4.5085472591929965e-08,4.5085472591929965e-08,4.5085472591929965e-08,4.5085472591929965e-08,0.03077347860001589,1.0368724926026827,1.0368724925089081
1x2,cb_xg,E1,close,5569,10,4.508547259192996e-08,4.5085472591929965e-08,4.5085472591929965e-08,4.5085472591929965e-08,4.5085472591929965e-08,0.06957682321727716,1.035586816349651,1.0355868162952109
1x2,cb_xg,E2,pre,5409,10,0.02747993926199368,4.5085472591929965e-08,0.16314900093687645,4.5085472591929965e-08,4.5085472591929965e-08,0.16397001302314776,1.0265962935711839,1.0264229685517985
1x2,cb_xg,E2,close,5409,10,4.508547259192996e-08,4.5085472591929965e-08,4.5085472591929965e-08,4.5085472591929965e-08,4.5085472591929965e-08,0.010983726404469955,1.0212304919794803,1.0212304917859805
1x2,cb_xg,E3,pre,5458,10,0.011133538435200877,4.5085472591929965e-08,0.11133497858275546,0.12713225980731635,4.5085472591929965e-08,0.32273569652214296,1.0529927329265014,1.0530466892731665
1x2,cb_xg,E3,close,5458,10,4.508547259192996e-08,4.5085472591929965e-08,4.5085472591929965e-08,4.5085472591929965e-08,4.5085472591929965e-08,0.02918035318648181,1.0465434527211799,1.0465434525646844
1x2,cb_xg,F1,pre,3495,10,0.046824563634573234,4.5085472591929965e-08,0.30351086145282863,4.5085472591929965e-08,4.5085472591929965e-08,4.5085472591929965e-08,0.9852955075026476,0.9848575716560034
1x2,cb_xg,F1,close,3495,10,0.038227080479730446,4.5085472591929965e-08,0.2528955094598744,4.5085472591929965e-08,4.5085472591929965e-08,0.031138182651991184,0.9829611236335765,0.9826039700776621
1x2,cb_xg,F2,pre,3570,10,0.07525989950289111,4.5085472591929965e-08,0.23022312403383935,0.1084024775341248,4.5085472591929965e-08,0.34003129340309024,1.0458851494561097,1.0456860850506027
1x2,cb_xg,F2,close,3570,10,0.0469064397688457,4.5085472591929965e-08,0.20546623861318405,4.5085472591929965e-08,4.5085472591929965e-08,0.19347447603244441,1.038952020802325,1.038642112237249
1x2,cb_xg,G1,pre,2214,9,0.07970049865989776,4.5085472591929965e-08,0.3818597938128115,0.4054438904004801,0.2066030139574019,0.5812254906234373,0.9388596553332961,0.9404964916575695
1x2,cb_xg,G1,close,2214,9,0.026719674752286697,4.5085472591929965e-08,0.05818062976351862,4.5085472591929965e-08,4.5085472591929965e-08,0.15783936844643381,0.9219747551958856,0.9217825424232119
1x2,cb_xg,I1,pre,3822,10,4.508547259192996e-08,4.5085472591929965e-08,4.5085472591929965e-08,4.5085472591929965e-08,4.5085472591929965e-08,0.1332221333790916,0.9522388485538983,0.9522388485011616
1x2,cb_xg,I1,close,3822,10,4.508547259192996e-08,4.5085472591929965e-08,4.5085472591929965e-08,4.5085472591929965e-08,4.5085472591929965e-08,0.1017029550761018,0.9499849015477623,0.9499849014905921
1x2,cb_xg,I2,pre,3869,10,4.508547259192996e-08,4.5085472591929965e-08,4.5085472591929965e-08,4.5085472591929965e-08,4.5085472591929965e-08,0.19424335087156877,1.0472946031928412,1.047294603188285
1x2,cb_xg,I2,close,3869,10,4.508547259192996e-08,4.5085472591929965e-08,4.5085472591929965e-08,4.5085472591929965e-08,4.5085472591929965e-08,0.01671825821387241,1.0406974485009504,1.040697448234873
1x2,cb_xg,N1,pre,3007,10,0.010917747835603838,4.5085472591929965e-08,0.10917707258678505,0.01249994178131101,4.5085472591929965e-08,0.2652686042195735,0.9372204094389307,0.937128579375159
1x2,cb_xg,N1,close,3007,10,0.019151316943658084,4.5085472591929965e-08,0.1388260811482001,0.16026950480330354,4.5085472591929965e-08,0.8999966023936017,0.9392022378557022,0.941792608188302
1x2,cb_xg,P1,pre,3077,10,0.049679397136411105,4.5085472591929965e-08,0.32635080859710147,0.32467263471489266,0.028450185331796652,0.5749653248076018,0.9203689089182705,0.9207637161876245
1x2,cb_xg,P1,close,3077,10,0.06962521740143227,4.5085472591929965e-08,0.13057236609155867,0.0383638397179505,4.5085472591929965e-08,0.25815234142153914,0.912072324422959,0.9119620528384322
1x2,cb_xg,SC0,pre,2244,9,0.019308910220079925,4.5085472591929965e-08,0.10426239290689844,0.14014640744240534,4.5085472591929965e-08,0.4299248382320008,0.938206315777197,0.9381443047763055
1x2,cb_xg,SC0,close,2244,9,0.0017661021929632605,4.5085472591929965e-08,0.01589455905288861,4.5085472591929965e-08,4.5085472591929965e-08,0.17600988842606063,0.931483187337695,0.9314381303170317
1x2,cb_xg,SP1,pre,3834,10,0.006685422762321582,4.5085472591929965e-08,0.03329452510018231,4.5085472591929965e-08,4.5085472591929965e-08,0.15441881848401287,0.9735833301344776,0.9735557377655617
1x2,cb_xg,SP1,close,3834,10,0.003375095248703557,4.5085472591929965e-08,0.027972392311979614,4.5085472591929965e-08,4.5085472591929965e-08,0.1550668873244171,0.9707435899665151,0.9707134758351256
1x2,cb_xg,SP2,pre,4618,10,0.11392987615490573,0.0260151025882706,0.27261996594850835,0.10739040036772843,4.5085472591929965e-08,0.2619524772392626,1.0374469183220272,1.037186169207797
1x2,cb_xg,SP2,close,4618,10,0.05679414019810421,4.5085472591929965e-08,0.28586843269662,4.5085472591929965e-08,4.5085472591929965e-08,0.06888651616180026,1.032377366733279,1.0320797030859183
1x2,cb_xg,T1,pre,3375,10,0.03026908013889277,4.5085472591929965e-08,0.12404027203213633,0.04374040939263845,4.5085472591929965e-08,0.24689922215962481,0.9811392024873897,0.9808964424920856
1x2,cb_xg,T1,close,3375,10,0.0012182317949561464,4.5085472591929965e-08,0.012181912180308138,4.5085472591929965e-08,4.5085472591929965e-08,0.09485379181062442,0.9749817579611896,0.9749655959476679
1x2,lgbd_xg,B1,pre,2821,9,0.2705315211531253,4.5085472591929965e-08,0.6978185095264423,0.47072132813446943,4.5085472591929965e-08,0.9999999215811929,0.9960042801199258,0.9956419282610751
1x2,lgbd_xg,B1,close,2821,9,0.1366914266971056,4.5085472591929965e-08,0.7047561421219887,4.5085472591929965e-08,4.5085472591929965e-08,0.17618664389575603,0.9811822837230962,0.9797764907831816
1x2,lgbd_xg,D1,pre,3077,10,0.06398687544787282,4.5085472591929965e-08,0.22640188291073607,0.279596368165129,4.5085472591929965e-08,0.7245725944459178,0.9761618129456282,0.9762225000719249
1x2,lgbd_xg,D1,close,3077,10,0.2922028396025229,0.012852499019746888,0.5670206624890509,0.2733416003964761,4.5085472591929965e-08,0.6108748667796546,0.9750884973714721,0.9750434613608283
1x2,lgbd_xg,D2,pre,3086,10,4.508547259192996e-08,4.5085472591929965e-08,4.5085472591929965e-08,4.5085472591929965e-08,4.5085472591929965e-08,0.558652229592296,1.0522696720195304,1.052269672000852
1x2,lgbd_xg,D2,close,3086,10,0.017270058803310732,4.5085472591929965e-08,0.11336337350412884,0.1468834384852152,4.5085472591929965e-08,0.5743453590603455,1.0511663802644977,1.0512233803192865
1x2,lgbd_xg,E0,pre,3828,10,0.21458231621824636,4.5085472591929965e-08,0.6061215751179898,0.24225778082755653,4.5085472591929965e-08,0.9121600994707133,0.9588128191588443,0.958672866922081
1x2,lgbd_xg,E0,close,3828,10,0.09964876352739202,4.5085472591929965e-08,0.49660025276356035,4.5085472591929965e-08,4.5085472591929965e-08,0.2956428052813087,0.9553090197097458,0.9546671179041861
1x2,lgbd_xg,E1,pre,5569,10,0.05377162141433448,4.5085472591929965e-08,0.1994542687103531,0.18483243128600865,4.5085472591929965e-08,0.9486290071050202,1.036868772532187,1.0368724925089081
1x2,lgbd_xg,E1,close,5569,10,0.06287589200471347,4.5085472591929965e-08,0.1880037313024678,0.16184705351803313,4.5085472591929965e-08,0.5058324957922983,1.035597143658655,1.0355868162952109
1x2,lgbd_xg,E2,pre,5409,10,0.5137696753764323,0.19343375481109237,0.7303941189922942,0.27938297434698817,4.5085472591929965e-08,0.9088234114306702,1.0264365849999593,1.0264229685517985
1x2,lgbd_xg,E2,close,5409,10,4.508547259192996e-08,4.5085472591929965e-08,4.5085472591929965e-08,4.5085472591929965e-08,4.5085472591929965e-08,0.1723365998274171,1.0212304918287858,1.0212304917859805
1x2,lgbd_xg,E3,pre,5458,10,0.6636369853483469,0.312558161814041,0.9999999215811929,0.48974395000073495,4.5085472591929965e-08,0.9999999215811929,1.0531136703581165,1.0530466892731665
1x2,lgbd_xg,E3,close,5458,10,0.2459272653912296,4.5085472591929965e-08,0.8868827985601064,0.03520818954984922,4.5085472591929965e-08,0.23002347028342757,1.0470677651947191,1.0465434525646844
1x2,lgbd_xg,F1,pre,3495,10,0.09422836224380562,4.5085472591929965e-08,0.3486099955182776,0.12215162096513528,4.5085472591929965e-08,0.8442734740014003,0.9849688148481555,0.9848575716560034
1x2,lgbd_xg,F1,close,3495,10,0.025912504782675493,4.5085472591929965e-08,0.09952217842547245,0.1250690716653836,4.5085472591929965e-08,0.49998693774351993,0.9826053334493499,0.9826039700776621
1x2,lgbd_xg,F2,pre,3570,10,0.9999999215811929,0.9999999215811929,0.9999999215811929,0.9999999215811929,0.6369014322489911,0.9999999215811929,1.044146700031259,1.0456860850506027
1x2,lgbd_xg,F2,close,3570,10,0.36091482369925176,0.027401816407072423,0.9999999215811929,0.040136044055500114,4.5085472591929965e-08,0.3427463507982363,1.040011632278188,1.038642112237249
1x2,lgbd_xg,G1,pre,2214,9,0.4226981778635821,4.5085472591929965e-08,0.6816019920988594,0.6951380868413193,4.5085472591929965e-08,0.9999999215811929,0.9399171726635753,0.9404964916575695
1x2,lgbd_xg,G1,close,2214,9,0.10414527276200736,4.5085472591929965e-08,0.24943380762212633,0.0757785476788696,4.5085472591929965e-08,0.252992251254392,0.9222335134705333,0.9217825424232119
1x2,lgbd_xg,I1,pre,3822,10,0.17442333780903171,4.5085472591929965e-08,0.9999999215811929,4.5085472591929965e-08,4.5085472591929965e-08,0.7840248333154844,0.9525746142303265,0.9522388485011616
1x2,lgbd_xg,I1,close,3822,10,0.1118017707929373,0.024487665578122358,0.263480163628917,0.07837451166603629,4.5085472591929965e-08,0.4026161499854635,0.9501535975995686,0.9499849014905921
1x2,lgbd_xg,I2,pre,3869,10,0.37643568475916744,4.5085472591929965e-08,0.9999999215811929,0.6990539960589326,0.13321314174084886,0.9999999215811929,1.0476576729475062,1.047294603188285
1x2,lgbd_xg,I2,close,3869,10,0.04342223711253172,4.5085472591929965e-08,0.3417125236843922,0.049657921021401825,4.5085472591929965e-08,0.3316164455696093,1.0410407697136568,1.040697448234873
1x2,lgbd_xg,N1,pre,3007,10,0.2453218907468056,4.5085472591929965e-08,0.9999999215811929,0.4331814683837316,4.5085472591929965e-08,0.9667482823814609,0.9375078113886158,0.937128579375159
1x2,lgbd_xg,N1,close,3007,10,0.10758805576597825,4.5085472591929965e-08,0.7896385515670408,0.6899146267968296,4.5085472591929965e-08,0.9999999215811929,0.9400250888708991,0.941792608188302
1x2,lgbd_xg,P1,pre,3077,10,0.5657632751925388,0.2020706509868735,0.9999999215811929,0.3038492678053816,4.5085472591929965e-08,0.9999999215811929,0.9209450137803374,0.9207637161876245
1x2,lgbd_xg,P1,close,3077,10,0.48090046531806874,0.09213787963061529,0.8068989194804292,0.08096120621875373,4.5085472591929965e-08,0.36755637881724507,0.9126115889528337,0.9119620528384322
1x2,lgbd_xg,SC0,pre,2244,9,0.0022015493262479936,4.5085472591929965e-08,0.017201460877331647,4.5085472591929965e-08,4.5085472591929965e-08,0.6212691878337143,0.9381529241078218,0.9381443047763055
1x2,lgbd_xg,SC0,close,2244,9,0.0040279403521061964,4.5085472591929965e-08,0.03625110248517504,4.5085472591929965e-08,4.5085472591929965e-08,0.27240105170917583,0.9315194563726231,0.9314381303170317
1x2,lgbd_xg,SP1,pre,3834,10,0.5675523417573798,4.5085472591929965e-08,0.9460520093036788,0.5888944730076343,4.5085472591929965e-08,0.9999999215811929,0.973417766669972,0.9735557377655617
1x2,lgbd_xg,SP1,close,3834,10,0.10591943290901273,4.5085472591929965e-08,0.2506090100294008,0.13060509126067768,4.5085472591929965e-08,0.43817556065253577,0.9708225790677948,0.9707134758351256
1x2,lgbd_xg,SP2,pre,4618,10,0.9999999215811929,0.9999999215811929,0.9999999215811929,0.9999999215811929,0.5997064258831988,0.9999999215811929,1.03574105284217,1.037186169207797
1x2,lgbd_xg,SP2,close,4618,10,0.41189737043303615,0.2615060891984765,0.7478393980470613,0.2687261464756059,0.02575321815222782,0.5284871861420571,1.031996823598133,1.0320797030859183
1x2,lgbd_xg,T1,pre,3375,10,0.9627111558532464,0.8252588258114271,0.9999999215811929,0.9999999215811929,0.3307423218709153,0.9999999215811929,0.979782967897415,0.9808964424920856
1x2,lgbd_xg,T1,close,3375,10,0.10694169447579256,4.5085472591929965e-08,0.24737396459266847,0.1701816240262188,4.5085472591929965e-08,0.39305166486551396,0.974906816896959,0.9749655959476679
1x2,dc,B1,pre,2821,9,0.01911241447695469,4.5085472591929965e-08,0.16975020334109522,0.15910783336981357,4.5085472591929965e-08,0.36793412795364483,0.9957209598141836,0.9956419282610751
1x2,dc,B1,close,2821,9,0.0007408267521711202,4.5085472591929965e-08,0.003869515943132074,4.5085472591929965e-08,4.5085472591929965e-08,0.10646014844036433,0.979785676298812,0.9797764907831816
1x2,dc,D1,pre,3077,10,0.028895191809794597,4.5085472591929965e-08,0.28895151232869265,4.5085472591929965e-08,4.5085472591929965e-08,0.05701601150856853,0.9767299945412224,0.9762225000719249
1x2,dc,D1,close,3077,10,0.04893857517744755,4.5085472591929965e-08,0.27608721554857507,4.5085472591929965e-08,4.5085472591929965e-08,0.10643493624684953,0.9754954841105083,0.9750434613608283
1x2,dc,D2,pre,3086,10,0.013158772423178727,4.5085472591929965e-08,0.05344817764032999,4.5085472591929965e-08,4.5085472591929965e-08,0.09311883990054261,1.052362326537938,1.052269672000852
1x2,dc,D2,close,3086,10,0.0063588643625118735,4.5085472591929965e-08,0.03454128053405638,4.5085472591929965e-08,4.5085472591929965e-08,0.08052659794254347,1.0512658021589647,1.0512233803192865
1x2,dc,E0,pre,3828,10,0.041862643538902386,4.5085472591929965e-08,0.13087459483008332,0.021217949392052286,4.5085472591929965e-08,0.14239140394410954,0.9590751591812305,0.958672866922081
1x2,dc,E0,close,3828,10,0.03931904446878176,4.5085472591929965e-08,0.12399584313601358,0.008775388253666364,4.5085472591929965e-08,0.119555603661828,0.9550593917802722,0.9546671179041861
1x2,dc,E1,pre,5569,10,4.508547259192996e-08,4.5085472591929965e-08,4.5085472591929965e-08,4.5085472591929965e-08,4.5085472591929965e-08,0.021931329950937564,1.036872492588787,1.0368724925089081
1x2,dc,E1,close,5569,10,0.00037796356652666015,4.5085472591929965e-08,0.003779229896013274,4.5085472591929965e-08,4.5085472591929965e-08,0.04560258273256363,1.035591121232329,1.0355868162952109
1x2,dc,E2,pre,5409,10,4.508547259192996e-08,4.5085472591929965e-08,4.5085472591929965e-08,4.5085472591929965e-08,4.5085472591929965e-08,0.05366501156108554,1.0264229686060689,1.0264229685517985
1x2,dc,E2,close,5409,10,4.508547259192996e-08,4.5085472591929965e-08,4.5085472591929965e-08,4.5085472591929965e-08,4.5085472591929965e-08,0.008492359297706647,1.0212304920205684,1.0212304917859805
1x2,dc,E3,pre,5458,10,0.013684158886215308,4.5085472591929965e-08,0.08740835099518345,0.08671753743587068,4.5085472591929965e-08,0.1693811844181729,1.052922214830814,1.0530466892731665
1x2,dc,E3,close,5458,10,0.0024357660015700395,4.5085472591929965e-08,0.020715152444232558,0.014505214054619905,4.5085472591929965e-08,0.11162413249190667,1.0465488225101465,1.0465434525646844
1x2,dc,F1,pre,3495,10,4.508547259192996e-08,4.5085472591929965e-08,4.5085472591929965e-08,4.5085472591929965e-08,4.5085472591929965e-08,4.5085472591929965e-08,0.9848575719952823,0.9848575716560034
1x2,dc,F1,close,3495,10,4.508547259192996e-08,4.5085472591929965e-08,4.5085472591929965e-08,4.5085472591929965e-08,4.5085472591929965e-08,4.5085472591929965e-08,0.9826039704023327,0.9826039700776621
1x2,dc,F2,pre,3570,10,0.006017332793164248,4.5085472591929965e-08,0.0434944352606571,0.012489328441383988,4.5085472591929965e-08,0.14494560908549134,1.045779675823489,1.0456860850506027
1x2,dc,F2,close,3570,10,0.01320793529730147,4.5085472591929965e-08,0.07302237477569525,4.5085472591929965e-08,4.5085472591929965e-08,0.0998613202286739,1.038959967289306,1.038642112237249
1x2,dc,G1,pre,2214,9,0.026263625403046893,4.5085472591929965e-08,0.2363722679436413,0.2595570960771484,0.04824230156346573,0.42667520667502035,0.9399891091324309,0.9404964916575695
1x2,dc,G1,close,2214,9,4.5085472591929965e-08,4.5085472591929965e-08,4.5085472591929965e-08,4.5085472591929965e-08,4.5085472591929965e-08,0.08919098597346833,0.921782542505135,0.9217825424232119
1x2,dc,I1,pre,3822,10,0.004926941491011674,4.5085472591929965e-08,0.049269009140863414,4.5085472591929965e-08,4.5085472591929965e-08,4.5085472591929965e-08,0.9522707998106154,0.9522388485011616
1x2,dc,I1,close,3822,10,0.0019035371467821661,4.5085472591929965e-08,0.019034965698568336,4.5085472591929965e-08,4.5085472591929965e-08,0.006930974142674715,0.9499966970313574,0.9499849014905921
1x2,dc,I2,pre,3869,10,0.09892429752342834,4.5085472591929965e-08,0.3313292965009232,0.013424700687660506,4.5085472591929965e-08,0.13681295623167905,1.0482078988059067,1.047294603188285
1x2,dc,I2,close,3869,10,0.07443784300903272,4.5085472591929965e-08,0.30670718784933354,4.5085472591929965e-08,4.5085472591929965e-08,0.08827836136381913,1.0415529721215167,1.040697448234873
1x2,dc,N1,pre,3007,10,0.0693110097033978,4.5085472591929965e-08,0.18153125527814484,4.5085472591929965e-08,4.5085472591929965e-08,0.12735944287356182,0.9373644071859497,0.937128579375159
1x2,dc,N1,close,3007,10,0.030173188262196775,4.5085472591929965e-08,0.11587386257510439,0.07018900738178267,4.5085472591929965e-08,0.5341112645688617,0.9393405411882182,0.941792608188302
1x2,dc,P1,pre,3077,10,0.038444709796459565,4.5085472591929965e-08,0.14994702884810857,0.14295768235762407,4.5085472591929965e-08,0.3915217342268295,0.9209905605719474,0.9207637161876245
1x2,dc,P1,close,3077,10,0.05254561191781011,4.5085472591929965e-08,0.19156319771761338,4.5085472591929965e-08,4.5085472591929965e-08,0.1518571513481839,0.9124871625277283,0.9119620528384322
1x2,dc,SC0,pre,2244,9,4.5085472591929965e-08,4.5085472591929965e-08,4.5085472591929965e-08,4.5085472591929965e-08,4.5085472591929965e-08,0.18513323706371138,0.9381443047395561,0.9381443047763055
1x2,dc,SC0,close,2244,9,4.5085472591929965e-08,4.5085472591929965e-08,4.5085472591929965e-08,4.5085472591929965e-08,4.5085472591929965e-08,0.018576118715533628,0.9314381305026029,0.9314381303170317
1x2,dc,SP1,pre,3834,10,0.01963000703174729,4.5085472591929965e-08,0.16190296388974784,4.5085472591929965e-08,4.5085472591929965e-08,4.5085472591929965e-08,0.9737548691349448,0.9735557377655617
1x2,dc,SP1,close,3834,10,0.011154635860880422,4.5085472591929965e-08,0.11154595283955089,4.5085472591929965e-08,4.5085472591929965e-08,4.5085472591929965e-08,0.9708633583972803,0.9707134758351256
1x2,dc,SP2,pre,4618,10,0.023669439860803092,4.5085472591929965e-08,0.14719981285680922,0.004854790965693335,4.5085472591929965e-08,0.12135463232378084,1.0374436508206548,1.037186169207797
1x2,dc,SP2,close,4618,10,0.019117427439840236,4.5085472591929965e-08,0.15569031247220022,4.5085472591929965e-08,4.5085472591929965e-08,0.021513460183946655,1.0323474088338969,1.0320797030859183
1x2,dc,T1,pre,3375,10,4.508547259192996e-08,4.5085472591929965e-08,4.5085472591929965e-08,4.5085472591929965e-08,4.5085472591929965e-08,4.5085472591929965e-08,0.9808964428496972,0.9808964424920856
1x2,dc,T1,close,3375,10,4.508547259192996e-08,4.5085472591929965e-08,4.5085472591929965e-08,4.5085472591929965e-08,4.5085472591929965e-08,4.5085472591929965e-08,0.9749655964883189,0.9749655959476679
ou25,lgb_goals,B1,pre,2102,6,0.22291590110224324,0.1055099672820089,0.4423837334135708,0.5324482826794796,0.047202276134715324,0.8981097694491538,0.682685335971659,0.6842581768071264
ou25,lgb_goals,B1,close,2102,6,0.021432789775191367,4.5085472591929965e-08,0.07726464435063297,4.5085472591929965e-08,4.5085472591929965e-08,0.3967495830354596,0.6762166883407639,0.6761047939930482
ou25,lgb_goals,D1,pre,2112,7,4.508547259192996e-08,4.5085472591929965e-08,4.5085472591929965e-08,4.5085472591929965e-08,4.5085472591929965e-08,4.5085472591929965e-08,0.6484209388622522,0.6484209386117477
ou25,lgb_goals,D1,close,2112,7,4.508547259192996e-08,4.5085472591929965e-08,4.5085472591929965e-08,4.5085472591929965e-08,4.5085472591929965e-08,4.5085472591929965e-08,0.6446328103853526,0.6446328100666772
ou25,lgb_goals,D2,pre,2169,7,0.002870686318823194,4.5085472591929965e-08,0.020094533718926805,0.028611344757488406,4.5085472591929965e-08,0.4023518665489912,0.6707855375575043,0.6707881300336493
ou25,lgb_goals,D2,close,2169,7,4.508547259192996e-08,4.5085472591929965e-08,4.5085472591929965e-08,4.5085472591929965e-08,4.5085472591929965e-08,0.2346633947323055,0.6697487163704863,0.6697487163117539
ou25,lgb_goals,E0,pre,2676,7,4.508547259192996e-08,4.5085472591929965e-08,4.5085472591929965e-08,4.5085472591929965e-08,4.5085472591929965e-08,0.2714768239753018,0.6771783979496966,0.6771783979303241
ou25,lgb_goals,E0,close,2676,7,0.013855773601108486,4.5085472591929965e-08,0.055932778022563606,4.5085472591929965e-08,4.5085472591929965e-08,0.2510388347798857,0.6760557562302848,0.6759879769023155
ou25,lgb_goals,E1,pre,3911,7,0.028494767310424014,4.5085472591929965e-08,0.19946310066013245,4.5085472591929965e-08,4.5085472591929965e-08,0.11089454818822997,0.6829839278910824,0.6827594391867969
ou25,lgb_goals,E1,close,3911,7,0.035554197517595934,4.5085472591929965e-08,0.21928404844379065,4.5085472591929965e-08,4.5085472591929965e-08,0.1393755046013531,0.6821743423244097,0.6820257694299647
ou25,lgb_goals,E2,pre,3752,7,0.0003664400793895402,4.5085472591929965e-08,0.00256481004289123,0.10939091118988341,4.5085472591929965e-08,0.5611617891991668,0.6870913924189268,0.6870939277649639
ou25,lgb_goals,E2,close,3752,7,0.0026269554452802947,4.5085472591929965e-08,0.018388417604126513,4.5085472591929965e-08,4.5085472591929965e-08,0.1725966707239859,0.6853774306258494,0.6853585522057947
ou25,lgb_goals,E3,pre,3807,7,0.07011930867751116,4.5085472591929965e-08,0.2701416793913201,0.25153963860984613,4.5085472591929965e-08,0.6060661212012228,0.6852040253565489,0.6849407689260123
ou25,lgb_goals,E3,close,3807,7,4.508547259192996e-08,4.5085472591929965e-08,4.5085472591929965e-08,4.5085472591929965e-08,4.5085472591929965e-08,0.03324443326613132,0.6799663029293342,0.6799663027971056
ou25,lgb_goals,F1,pre,2353,6,4.5085472591929965e-08,4.5085472591929965e-08,4.5085472591929965e-08,4.5085472591929965e-08,4.5085472591929965e-08,0.21465589045168065,0.6771007983109164,0.677100798245254
ou25,lgb_goals,F1,close,2353,6,4.5085472591929965e-08,4.5085472591929965e-08,4.5085472591929965e-08,4.5085472591929965e-08,4.5085472591929965e-08,4.5085472591929965e-08,0.6726136686546507,0.6726136684714441
ou25,lgb_goals,F2,pre,2423,6,0.00027463040392006687,4.5085472591929965e-08,0.0011825781541664358,0.006404609872949109,4.5085472591929965e-08,0.5142758317963276,0.6799576584262089,0.6799574104384902
ou25,lgb_goals,F2,close,2423,6,4.5085472591929965e-08,4.5085472591929965e-08,4.5085472591929965e-08,4.5085472591929965e-08,4.5085472591929965e-08,0.16830587397255578,0.6760320270205074,0.6760320268941813
ou25,lgb_goals,G1,pre,1634,6,0.2424546702803089,4.5085472591929965e-08,0.7339721072839763,0.698107148048969,0.3894715179738496,0.9257526220423864,0.6904995630619668,0.6929806651791494
ou25,lgb_goals,G1,close,1634,6,0.03466510439843214,4.5085472591929965e-08,0.12554523513976149,4.5085472591929965e-08,4.5085472591929965e-08,0.3866005467878549,0.6769666272059517,0.6766006660032999
ou25,lgb_goals,I1,pre,2684,7,4.508547259192996e-08,4.5085472591929965e-08,4.5085472591929965e-08,4.5085472591929965e-08,4.5085472591929965e-08,0.2667727418893605,0.6832858106355557,0.6832858106385277
ou25,lgb_goals,I1,close,2684,7,4.508547259192996e-08,4.5085472591929965e-08,4.5085472591929965e-08,4.5085472591929965e-08,4.5085472591929965e-08,0.23406488043765045,0.6813780044385638,0.6813780044549813
ou25,lgb_goals,I2,pre,2645,7,0.13856335092811364,4.5085472591929965e-08,0.5156353742036405,0.49432638175557114,0.0911615791099527,0.8700062673718533,0.6883933923800599,0.6896248570363626
ou25,lgb_goals,I2,close,2645,7,0.02077429038336173,4.5085472591929965e-08,0.1305974465963763,0.021512815752795362,4.5085472591929965e-08,0.32222682774498607,0.6853812577105306,0.6852151122434875
ou25,lgb_goals,N1,pre,2103,6,0.06685697489608615,4.5085472591929965e-08,0.30919960703991084,0.3128600066855262,4.5085472591929965e-08,0.6953808278414648,0.6592610443125936,0.6593654982584881
ou25,lgb_goals,N1,close,2103,6,4.5085472591929965e-08,4.5085472591929965e-08,4.5085472591929965e-08,4.5085472591929965e-08,4.5085472591929965e-08,0.2218451572626743,0.6511581681822003,0.6511581681419031
ou25,lgb_goals,P1,pre,2139,7,0.22886291284641241,4.5085472591929965e-08,0.45598562072961696,0.4667439797147119,0.04923940813695736,0.771484323646551,0.6761637427431753,0.6761475033682617
ou25,lgb_goals,P1,close,2139,7,0.162239399341062,4.5085472591929965e-08,0.7751482622675877,4.5085472591929965e-08,4.5085472591929965e-08,0.36724370744362356,0.6698591172328374,0.6680920532291579
ou25,lgb_goals,SC0,pre,1563,6,0.3271088420833792,0.06875885274465487,0.5731220019758397,0.66112752593619,0.33364701045758627,0.9851166266273534,0.6772032959965082,0.6798459863130428
ou25,lgb_goals,SC0,close,1563,6,0.12811308003920438,0.02197036654692772,0.25185675549759023,0.2984483134180682,4.5085472591929965e-08,0.7979361208029356,0.6752710660642911,0.6758248922103051
ou25,lgb_goals,SP1,pre,2691,7,0.0064427079193996,4.5085472591929965e-08,0.02584955311812165,4.5085472591929965e-08,4.5085472591929965e-08,0.10792056164758729,0.6689565781851708,0.6689236994355814
ou25,lgb_goals,SP1,close,2691,7,0.0284331144630378,4.5085472591929965e-08,0.09929770311945563,4.5085472591929965e-08,4.5085472591929965e-08,0.1385231450287227,0.6664833000402388,0.6663703521896995
ou25,lgb_goals,SP2,pre,3220,7,0.05480472521195081,4.5085472591929965e-08,0.3836328059708201,0.5496741034805552,0.2118946668392388,0.7374838641944516,0.6708728312024748,0.6729389767936436
ou25,lgb_goals,SP2,close,3220,7,4.508547259192996e-08,4.5085472591929965e-08,4.5085472591929965e-08,4.5085472591929965e-08,4.5085472591929965e-08,0.004907469477133953,0.6619627311634204,0.661962731035881
ou25,lgb_goals,T1,pre,2433,7,0.02498322114967202,4.5085472591929965e-08,0.1748822775348686,0.3800712020434502,0.00023434057892116037,0.7003222811079627,0.6794276920473027,0.6800981228116036
ou25,lgb_goals,T1,close,2433,7,4.508547259192996e-08,4.5085472591929965e-08,4.5085472591929965e-08,4.5085472591929965e-08,4.5085472591929965e-08,4.5085472591929965e-08,0.6700913392535326,0.6700913390283263
ou25,lgb_xg,B1,pre,2102,6,0.28134170601416275,0.12755038745282185,0.4695952426121215,0.5626350280897165,0.12227139185403471,0.9904752436840736,0.6829074610293008,0.6842581768071264
ou25,lgb_xg,B1,close,2102,6,0.05082012951934248,4.5085472591929965e-08,0.15787696123388723,0.02088289070553002,4.5085472591929965e-08,0.4250688625033007,0.6763832281118738,0.6761047939930482
ou25,lgb_xg,D1,pre,2112,7,0.02298526630673869,4.5085472591929965e-08,0.15831552033962185,4.5085472591929965e-08,4.5085472591929965e-08,0.14552062966421417,0.6485536969298267,0.6484209386117477
ou25,lgb_xg,D1,close,2112,7,0.010422874825956486,4.5085472591929965e-08,0.07295985326885986,4.5085472591929965e-08,4.5085472591929965e-08,0.021387723456577003,0.6446644979335162,0.6446328100666772
ou25,lgb_xg,D2,pre,2169,7,0.07018027633043868,4.5085472591929965e-08,0.20719410692046233,0.18465269205422324,4.5085472591929965e-08,0.633499652926689,0.670806678813816,0.6707881300336493
ou25,lgb_xg,D2,close,2169,7,0.005784029665842268,4.5085472591929965e-08,0.04048793714806033,0.01021235005033775,4.5085472591929965e-08,0.4621859659504629,0.6697628206715746,0.6697487163117539
ou25,lgb_xg,E0,pre,2676,7,0.0006636930146276513,4.5085472591929965e-08,0.0046455805895580056,4.5085472591929965e-08,4.5085472591929965e-08,0.23701531516657304,0.6771803531024205,0.6771783979303241
ou25,lgb_xg,E0,close,2676,7,0.02176634444101681,4.5085472591929965e-08,0.11204582395920858,4.5085472591929965e-08,4.5085472591929965e-08,0.20568166945113608,0.6760869678626595,0.6759879769023155
ou25,lgb_xg,E1,pre,3911,7,0.016373622662306842,4.5085472591929965e-08,0.08783321343507816,4.5085472591929965e-08,4.5085472591929965e-08,0.19410386718639783,0.682804139309447,0.6827594391867969
ou25,lgb_xg,E1,close,3911,7,0.06963611838877269,4.5085472591929965e-08,0.15267503347385455,0.009416636446727059,4.5085472591929965e-08,0.28360655025032794,0.6822572679805435,0.6820257694299647
ou25,lgb_xg,E2,pre,3752,7,4.508547259192996e-08,4.5085472591929965e-08,4.5085472591929965e-08,0.045859616012810175,4.5085472591929965e-08,0.4569682819460456,0.6870939277273302,0.6870939277649639
ou25,lgb_xg,E2,close,3752,7,0.0050383998063495234,4.5085472591929965e-08,0.03526852813161112,4.5085472591929965e-08,4.5085472591929965e-08,0.1314918480977454,0.6853875224611826,0.6853585522057947
ou25,lgb_xg,E3,pre,3807,7,0.19704096900001808,4.5085472591929965e-08,0.9249434850327468,0.3829891398400841,4.5085472591929965e-08,0.7218050633680662,0.6858403926539061,0.6849407689260123
ou25,lgb_xg,E3,close,3807,7,0.004891793905770555,4.5085472591929965e-08,0.03424228682755834,4.5085472591929965e-08,4.5085472591929965e-08,0.13101858393149002,0.6800074780998839,0.6799663027971056
ou25,lgb_xg,F1,pre,2353,6,4.5085472591929965e-08,4.5085472591929965e-08,4.5085472591929965e-08,4.5085472591929965e-08,4.5085472591929965e-08,0.2614162091643967,0.6771007982622742,0.677100798245254
ou25,lgb_xg,F1,close,2353,6,4.5085472591929965e-08,4.5085472591929965e-08,4.5085472591929965e-08,4.5085472591929965e-08,4.5085472591929965e-08,4.5085472591929965e-08,0.6726136686024667,0.6726136684714441
ou25,lgb_xg,F2,pre,2423,6,0.07313820505563022,4.5085472591929965e-08,0.15208119500114206,0.17500248565006007,4.5085472591929965e-08,0.6491514801332876,0.6798929799652536,0.6799574104384902
ou25,lgb_xg,F2,close,2423,6,4.5085472591929965e-08,4.5085472591929965e-08,4.5085472591929965e-08,4.5085472591929965e-08,4.5085472591929965e-08,0.20634835305471247,0.6760320269564432,0.6760320268941813
ou25,lgb_xg,G1,pre,1634,6,0.1706362938601661,4.5085472591929965e-08,0.6751591336712082,0.6330810138661812,0.30580900723561544,0.8946779369978806,0.6937672422602305,0.6929806651791494
ou25,lgb_xg,G1,close,1634,6,4.5085472591929965e-08,4.5085472591929965e-08,4.5085472591929965e-08,4.5085472591929965e-08,4.5085472591929965e-08,0.13481050800526845,0.6766006662123119,0.6766006660032999
ou25,lgb_xg,I1,pre,2684,7,4.508547259192996e-08,4.5085472591929965e-08,4.5085472591929965e-08,4.5085472591929965e-08,4.5085472591929965e-08,0.25836155600031246,0.6832858106859807,0.6832858106385277
ou25,lgb_xg,I1,close,2684,7,4.508547259192996e-08,4.5085472591929965e-08,4.5085472591929965e-08,4.5085472591929965e-08,4.5085472591929965e-08,0.23788911454806835,0.6813780044953415,0.6813780044549813
ou25,lgb_xg,I2,pre,2645,7,0.08766027864894042,4.5085472591929965e-08,0.501559416981104,0.4993772762955967,0.09063706512408269,0.8793736030586758,0.6889905612961543,0.6896248570363626
ou25,lgb_xg,I2,close,2645,7,4.508547259192996e-08,4.5085472591929965e-08,4.5085472591929965e-08,4.5085472591929965e-08,4.5085472591929965e-08,0.3368096240073339,0.6852151122061082,0.6852151122434875
ou25,lgb_xg,N1,pre,2103,6,0.0720477694210331,4.5085472591929965e-08,0.28075106886714063,0.33342402415027145,4.5085472591929965e-08,0.6823480880571005,0.6590629280575964,0.6593654982584881
ou25,lgb_xg,N1,close,2103,6,4.5085472591929965e-08,4.5085472591929965e-08,4.5085472591929965e-08,4.5085472591929965e-08,4.5085472591929965e-08,0.22288942756167984,0.6511581681909744,0.6511581681419031
ou25,lgb_xg,P1,pre,2139,7,0.2695806892752378,4.5085472591929965e-08,0.513916315463369,0.5323375878935585,0.03349337916476693,0.8974764400901459,0.6761330338974741,0.6761475033682617
ou25,lgb_xg,P1,close,2139,7,0.16956680426340617,4.5085472591929965e-08,0.8525063343037826,4.5085472591929965e-08,4.5085472591929965e-08,0.36442194186884,0.6701547106249244,0.6680920532291579
ou25,lgb_xg,SC0,pre,1563,6,0.4271436921437705,0.08317359335399381,0.8797074066259509,0.6646539963847542,0.29208573315045167,0.9999999215811929,0.6788367117076928,0.6798459863130428
ou25,lgb_xg,SC0,close,1563,6,0.13287662143773799,0.06263361113654722,0.2010407523423118,0.2224373167641075,4.5085472591929965e-08,0.8308326494681335,0.6756358458726962,0.6758248922103051
ou25,lgb_xg,SP1,pre,2691,7,0.03419742251781256,4.5085472591929965e-08,0.1709478378340364,4.5085472591929965e-08,4.5085472591929965e-08,0.011695689110236118,0.6690719444430279,0.6689236994355814
ou25,lgb_xg,SP1,close,2691,7,0.06472513772806374,4.5085472591929965e-08,0.20850066468836517,4.5085472591929965e-08,4.5085472591929965e-08,0.1418778848834287,0.6666290922110348,0.6663703521896995
ou25,lgb_xg,SP2,pre,3220,7,0.07030241336584764,4.5085472591929965e-08,0.4921166230480979,0.6389549383457888,0.31841009317018726,0.8240870019508747,0.670421891130083,0.6729389767936436
ou25,lgb_xg,SP2,close,3220,7,4.508547259192996e-08,4.5085472591929965e-08,4.5085472591929965e-08,4.5085472591929965e-08,4.5085472591929965e-08,0.11950515803831045,0.6619627310881931,0.661962731035881
ou25,lgb_xg,T1,pre,2433,7,0.07669618141418562,4.5085472591929965e-08,0.41390511664832197,0.5525691615734877,0.18176266861237644,0.8523200212036768,0.6783664694537901,0.6800981228116036
ou25,lgb_xg,T1,close,2433,7,4.508547259192996e-08,4.5085472591929965e-08,4.5085472591929965e-08,4.5085472591929965e-08,4.5085472591929965e-08,0.03760095134263974,0.6700913391253762,0.6700913390283263
ou25,cb_goals,B1,pre,2102,6,0.24683240733138737,0.09706063591887312,0.4597678494463734,0.5568064407904747,0.018623913748220255,0.9427679452871417,0.6827123326703151,0.6842581768071264
ou25,cb_goals,B1,close,2102,6,0.03132894867669314,4.5085472591929965e-08,0.13181272314846737,0.00674863683849717,4.5085472591929965e-08,0.4508984575499192,0.6762588302597142,0.6761047939930482
ou25,cb_goals,D1,pre,2112,7,4.508547259192996e-08,4.5085472591929965e-08,4.5085472591929965e-08,4.5085472591929965e-08,4.5085472591929965e-08,4.5085472591929965e-08,0.6484209388526709,0.6484209386117477
ou25,cb_goals,D1,close,2112,7,4.508547259192996e-08,4.5085472591929965e-08,4.5085472591929965e-08,4.5085472591929965e-08,4.5085472591929965e-08,4.5085472591929965e-08,0.644632810379425,0.6446328100666772
ou25,cb_goals,D2,pre,2169,7,0.01842347831244934,4.5085472591929965e-08,0.08375426988641353,0.06863405582572954,4.5085472591929965e-08,0.5384586531627741,0.670884773011464,0.6707881300336493
ou25,cb_goals,D2,close,2169,7,0.001955808849754613,4.5085472591929965e-08,0.013690391435446743,4.5085472591929965e-08,4.5085472591929965e-08,0.31643762618656973,0.6697572396434384,0.6697487163117539
ou25,cb_goals,E0,pre,2676,7,4.508547259192996e-08,4.5085472591929965e-08,4.5085472591929965e-08,4.5085472591929965e-08,4.5085472591929965e-08,0.16671970145621828,0.6771783980144486,0.6771783979303241
ou25,cb_goals,E0,close,2676,7,4.508547259192996e-08,4.5085472591929965e-08,4.5085472591929965e-08,4.5085472591929965e-08,4.5085472591929965e-08,0.11120382896105684,0.6759879769663227,0.6759879769023155
ou25,cb_goals,E1,pre,3911,7,0.042372694851133576,4.5085472591929965e-08,0.29660859344509954,4.5085472591929965e-08,4.5085472591929965e-08,0.0508810919122399,0.6829973591669408,0.6827594391867969
ou25,cb_goals,E1,close,3911,7,0.08233303571507034,4.5085472591929965e-08,0.2830465405273077,4.5085472591929965e-08,4.5085472591929965e-08,0.14812556725872122,0.6823370833748464,0.6820257694299647
ou25,cb_goals,E2,pre,3752,7,4.508547259192996e-08,4.5085472591929965e-08,4.5085472591929965e-08,4.5085472591929965e-08,4.5085472591929965e-08,0.40889290389702926,0.6870939277597382,0.6870939277649639
ou25,cb_goals,E2,close,3752,7,4.508547259192996e-08,4.5085472591929965e-08,4.5085472591929965e-08,4.5085472591929965e-08,4.5085472591929965e-08,0.07692277455058885,0.6853585523022153,0.6853585522057947
ou25,cb_goals,E3,pre,3807,7,0.031005674398112176,4.5085472591929965e-08,0.2170394502739497,0.25871624697330564,4.5085472591929965e-08,0.6005867450654178,0.6848383380351624,0.6849407689260123
ou25,cb_goals,E3,close,3807,7,4.508547259192996e-08,4.5085472591929965e-08,4.5085472591929965e-08,4.5085472591929965e-08,4.5085472591929965e-08,0.0026898245479344664,0.6799663029313066,0.6799663027971056
ou25,cb_goals,F1,pre,2353,6,4.5085472591929965e-08,4.5085472591929965e-08,4.5085472591929965e-08,4.5085472591929965e-08,4.5085472591929965e-08,0.17128744630543047,0.6771007983395345,0.677100798245254
ou25,cb_goals,F1,close,2353,6,4.5085472591929965e-08,4.5085472591929965e-08,4.5085472591929965e-08,4.5085472591929965e-08,4.5085472591929965e-08,4.5085472591929965e-08,0.6726136686664631,0.6726136684714441
ou25,cb_goals,F2,pre,2423,6,0.018130297283378925,4.5085472591929965e-08,0.05987984862931071,0.07124937484537848,4.5085472591929965e-08,0.5651814358290832,0.6799715633351772,0.6799574104384902
ou25,cb_goals,F2,close,2423,6,4.5085472591929965e-08,4.5085472591929965e-08,4.5085472591929965e-08,4.5085472591929965e-08,4.5085472591929965e-08,0.1256008114725391,0.6760320269862495,0.6760320268941813
ou25,cb_goals,G1,pre,1634,6,0.2084084557945162,4.5085472591929965e-08,0.7399725084025327,0.7063269692417478,0.4390780144575942,0.9383029584508473,0.6889931572286551,0.6929806651791494
ou25,cb_goals,G1,close,1634,6,0.056557760365432364,4.5085472591929965e-08,0.11128439365765987,0.11380271517610906,4.5085472591929965e-08,0.4994278182843118,0.6765997010248244,0.6766006660032999
ou25,cb_goals,I1,pre,2684,7,0.2411290099290251,0.0003537165761823371,0.48244091878298706,0.12911367082492556,4.5085472591929965e-08,0.48977193785155493,0.6837431182887445,0.6832858106385277
ou25,cb_goals,I1,close,2684,7,0.19893313267553675,4.5085472591929965e-08,0.4210115431669983,0.10981028069861969,4.5085472591929965e-08,0.41796470219472287,0.681833426809723,0.6813780044549813
ou25,cb_goals,I2,pre,2645,7,0.07064323769131405,4.5085472591929965e-08,0.41589401235407425,0.39421827381705055,0.018442475310216498,0.7579840250551764,0.6893387085129268,0.6896248570363626
ou25,cb_goals,I2,close,2645,7,4.508547259192996e-08,4.5085472591929965e-08,4.5085472591929965e-08,4.5085472591929965e-08,4.5085472591929965e-08,0.16370607025922373,0.6852151122328172,0.6852151122434875
ou25,cb_goals,N1,pre,2103,6,0.12015140465941838,4.5085472591929965e-08,0.34120273425452347,0.34198069214650545,0.05746825359012506,0.6876411683442838,0.6587417420940725,0.6593654982584881
ou25,cb_goals,N1,close,2103,6,0.014854838462252993,4.5085472591929965e-08,0.04597615986467438,4.5085472591929965e-08,4.5085472591929965e-08,0.2780130523040429,0.6512291834284671,0.6511581681419031
ou25,cb_goals,P1,pre,2139,7,0.06888265374050288,4.5085472591929965e-08,0.42516483356781837,0.45311001576681087,0.06833803627731001,0.794366934403112,0.6758176389849107,0.6761475033682617
ou25,cb_goals,P1,close,2139,7,0.07313825380433138,4.5085472591929965e-08,0.4555471825534659,4.5085472591929965e-08,4.5085472591929965e-08,0.37809131200795787,0.6690974167983169,0.6680920532291579
ou25,cb_goals,SC0,pre,1563,6,0.2714596775416053,4.5085472591929965e-08,0.62055188466804,0.5475858883273104,0.21764975478652618,0.8686755601006972,0.6793138326939353,0.6798459863130428
ou25,cb_goals,SC0,close,1563,6,0.03430420962061873,4.5085472591929965e-08,0.0915894002243648,0.11365661897147998,4.5085472591929965e-08,0.6255339403603524,0.6758520825487085,0.6758248922103051
ou25,cb_goals,SP1,pre,2691,7,0.009204803565923987,4.5085472591929965e-08,0.06443335444863237,4.5085472591929965e-08,4.5085472591929965e-08,0.025449006688712302,0.6690199520147897,0.6689236994355814
ou25,cb_goals,SP1,close,2691,7,0.02968998399036628,4.5085472591929965e-08,0.13142546763588212,4.5085472591929965e-08,4.5085472591929965e-08,0.08636925258400598,0.6665155394865515,0.6663703521896995
ou25,cb_goals,SP2,pre,3220,7,0.06000085507574593,4.5085472591929965e-08,0.4200057150173859,0.5770590882812285,0.2916438666989195,0.7711412413702684,0.6707355269338238,0.6729389767936436
ou25,cb_goals,SP2,close,3220,7,4.508547259192996e-08,4.5085472591929965e-08,4.5085472591929965e-08,4.5085472591929965e-08,4.5085472591929965e-08,0.1257951418132664,0.6619627311032916,0.661962731035881
ou25,cb_goals,T1,pre,2433,7,0.00762890873645898,4.5085472591929965e-08,0.05340209064237731,0.285481132480574,4.5085472591929965e-08,0.62446436260145,0.6798796595529952,0.6800981228116036
ou25,cb_goals,T1,close,2433,7,4.508547259192996e-08,4.5085472591929965e-08,4.5085472591929965e-08,4.5085472591929965e-08,4.5085472591929965e-08,4.5085472591929965e-08,0.6700913393344211,0.6700913390283263
ou25,cb_xg,B1,pre,2102,6,0.09815161794718553,4.5085472591929965e-08,0.4477346895423399,0.550876708391297,0.13590963432310746,0.9313873171663807,0.6829377081061484,0.6842581768071264
ou25,cb_xg,B1,close,2102,6,4.5085472591929965e-08,4.5085472591929965e-08,4.5085472591929965e-08,0.001141440135286208,4.5085472591929965e-08,0.3657346399382619,0.6761047939581074,0.6761047939930482
ou25,cb_xg,D1,pre,2112,7,0.07004233880688361,4.5085472591929965e-08,0.4729224214766158,4.5085472591929965e-08,4.5085472591929965e-08,4.5085472591929965e-08,0.6492218510954955,0.6484209386117477
ou25,cb_xg,D1,close,2112,7,0.04273929857935015,4.5085472591929965e-08,0.2991748195426156,4.5085472591929965e-08,4.5085472591929965e-08,4.5085472591929965e-08,0.6450310668516227,0.6446328100666772
ou25,cb_xg,D2,pre,2169,7,0.028893950515908484,4.5085472591929965e-08,0.12923319506967365,0.13924993243266395,4.5085472591929965e-08,0.589594155340609,0.6708744164865231,0.6707881300336493
ou25,cb_xg,D2,close,2169,7,4.508547259192996e-08,4.5085472591929965e-08,4.5085472591929965e-08,4.5085472591929965e-08,4.5085472591929965e-08,0.4378504492176843,0.6697487163309689,0.6697487163117539
ou25,cb_xg,E0,pre,2676,7,4.508547259192996e-08,4.5085472591929965e-08,4.5085472591929965e-08,4.5085472591929965e-08,4.5085472591929965e-08,0.2736716449636566,0.67717839799646,0.6771783979303241
ou25,cb_xg,E0,close,2676,7,0.012426058876008709,4.5085472591929965e-08,0.056233229403043816,4.5085472591929965e-08,4.5085472591929965e-08,0.21867728766845193,0.676008407602323,0.6759879769023155
ou25,cb_xg,E1,pre,3911,7,0.04701484266684881,4.5085472591929965e-08,0.32910362815510624,4.5085472591929965e-08,4.5085472591929965e-08,0.05492403195271342,0.6830106995091004,0.6827594391867969
ou25,cb_xg,E1,close,3911,7,0.0693604248468002,4.5085472591929965e-08,0.28628627992019384,4.5085472591929965e-08,4.5085472591929965e-08,0.13540028890250272,0.6822869768912287,0.6820257694299647
ou25,cb_xg,E2,pre,3752,7,4.508547259192996e-08,4.5085472591929965e-08,4.5085472591929965e-08,0.00946661084313946,4.5085472591929965e-08,0.42501335647250027,0.6870939277423377,0.6870939277649639
ou25,cb_xg,E2,close,3752,7,4.508547259192996e-08,4.5085472591929965e-08,4.5085472591929965e-08,4.5085472591929965e-08,4.5085472591929965e-08,0.0991594016464417,0.6853585522955805,0.6853585522057947
ou25,cb_xg,E3,pre,3807,7,0.11711190733075115,4.5085472591929965e-08,0.41909473358443994,0.45222179345869973,4.5085472591929965e-08,0.7804831265654203,0.6850918221074426,0.6849407689260123
ou25,cb_xg,E3,close,3807,7,4.508547259192996e-08,4.5085472591929965e-08,4.5085472591929965e-08,4.5085472591929965e-08,4.5085472591929965e-08,0.1657779309084799,0.6799663028830034,0.6799663027971056
ou25,cb_xg,F1,pre,2353,6,0.004905738087795799,4.5085472591929965e-08,0.02156873309903731,4.5085472591929965e-08,4.5085472591929965e-08,0.2882406902881973,0.6771230982476251,0.677100798245254
ou25,cb_xg,F1,close,2353,6,4.5085472591929965e-08,4.5085472591929965e-08,4.5085472591929965e-08,4.5085472591929965e-08,4.5085472591929965e-08,4.5085472591929965e-08,0.6726136686138818,0.6726136684714441
ou25,cb_xg,F2,pre,2423,6,0.04717000699546312,4.5085472591929965e-08,0.16517197671437978,0.08183322000253088,4.5085472591929965e-08,0.5892306355480246,0.6801685109371162,0.6799574104384902
ou25,cb_xg,F2,close,2423,6,4.5085472591929965e-08,4.5085472591929965e-08,4.5085472591929965e-08,4.5085472591929965e-08,4.5085472591929965e-08,0.1571624119767723,0.6760320270119681,0.6760320268941813
ou25,cb_xg,G1,pre,1634,6,0.2052532335691496,4.5085472591929965e-08,0.7412613646657105,0.6968795908707223,0.37643917893279283,0.8983169684222748,0.6890769750436175,0.6929806651791494
ou25,cb_xg,G1,close,1634,6,0.045423039676059956,4.5085472591929965e-08,0.11933261094076617,0.025255841434113923,4.5085472591929965e-08,0.41683519127288615,0.6767565261856425,0.6766006660032999
ou25,cb_xg,I1,pre,2684,7,0.1730763663096311,4.5085472591929965e-08,0.7895969927195686,4.5085472591929965e-08,4.5085472591929965e-08,0.3341593723637734,0.6843352158524039,0.6832858106385277
ou25,cb_xg,I1,close,2684,7,0.14433491280765862,4.5085472591929965e-08,0.6002262346689026,4.5085472591929965e-08,4.5085472591929965e-08,0.2885260338734206,0.6822259542931878,0.6813780044549813
ou25,cb_xg,I2,pre,2645,7,0.05768862846487976,4.5085472591929965e-08,0.4038201287413227,0.40993444583488464,0.037684400223067495,0.763279964951665,0.6895400057510994,0.6896248570363626
ou25,cb_xg,I2,close,2645,7,4.508547259192996e-08,4.5085472591929965e-08,4.5085472591929965e-08,4.5085472591929965e-08,4.5085472591929965e-08,0.20769670532521128,0.6852151122469431,0.6852151122434875
ou25,cb_xg,N1,pre,2103,6,0.24138331265417723,0.14087620265600764,0.37342901384408367,0.36895867148469824,0.054842499554914895,0.7104442046995016,0.6585104525065852,0.6593654982584881
ou25,cb_xg,N1,close,2103,6,0.09096755896944474,4.5085472591929965e-08,0.15767146535199122,4.5085472591929965e-08,4.5085472591929965e-08,0.27590606270977075,0.6513651236368592,0.6511581681419031
ou25,cb_xg,P1,pre,2139,7,0.1228575223586882,4.5085472591929965e-08,0.5626575976537607,0.5507727479744828,0.14246720274951188,0.8709604944094098,0.6760705747148122,0.6761475033682617
ou25,cb_xg,P1,close,2139,7,0.08467011068335607,4.5085472591929965e-08,0.44906126802410035,4.5085472591929965e-08,4.5085472591929965e-08,0.35987699461504274,0.6689127780981368,0.6680920532291579
ou25,cb_xg,SC0,pre,1563,6,0.18485781943644322,4.5085472591929965e-08,0.5028022420923515,0.5588842525389535,0.13364140441402678,0.9156942403027093,0.6795656390946165,0.6798459863130428
ou25,cb_xg,SC0,close,1563,6,4.5085472591929965e-08,4.5085472591929965e-08,4.5085472591929965e-08,0.03022441243865721,4.5085472591929965e-08,0.6223799214688126,0.6758248921465231,0.6758248922103051
ou25,cb_xg,SP1,pre,2691,7,0.005232367724205036,4.5085472591929965e-08,0.0366263035565997,4.5085472591929965e-08,4.5085472591929965e-08,4.5085472591929965e-08,0.6689679352476229,0.6689236994355814
ou25,cb_xg,SP1,close,2691,7,0.024211125451055058,4.5085472591929965e-08,0.11086237234086402,4.5085472591929965e-08,4.5085472591929965e-08,0.05124475881092823,0.6664658897528988,0.6663703521896995
ou25,cb_xg,SP2,pre,3220,7,0.05705884810854034,4.5085472591929965e-08,0.3994116662469468,0.5595169224421453,0.2589881869962924,0.768551209264612,0.6708778402694733,0.6729389767936436
ou25,cb_xg,SP2,close,3220,7,4.508547259192996e-08,4.5085472591929965e-08,4.5085472591929965e-08,4.5085472591929965e-08,4.5085472591929965e-08,0.14854332219586178,0.661962731103179,0.661962731035881
ou25,cb_xg,T1,pre,2433,7,0.052960064204045594,4.5085472591929965e-08,0.36987248165534786,0.5196758539077175,0.19714231982671593,0.8212897275618145,0.6788482301064496,0.6800981228116036
ou25,cb_xg,T1,close,2433,7,4.508547259192996e-08,4.5085472591929965e-08,4.5085472591929965e-08,4.5085472591929965e-08,4.5085472591929965e-08,4.5085472591929965e-08,0.6700913391533558,0.6700913390283263
ou25,lgbd_xg,B1,pre,2102,6,0.6666666294159528,4.5085472591929965e-08,0.9999999215811929,0.9645835324380507,4.5085472591929965e-08,0.9999999215811929,0.685441447397287,0.6842581768071264
ou25,lgbd_xg,B1,close,2102,6,0.021475311429035134,4.5085472591929965e-08,0.07368110826886445,0.08865708245323464,4.5085472591929965e-08,0.3425807759520458,0.676112885597673,0.6761047939930482
ou25,lgbd_xg,D1,pre,2112,7,0.8631982776680268,0.43954045531339614,0.9999999215811929,0.25648725106983783,4.5085472591929965e-08,0.9999999215811929,0.6486581167617822,0.6484209386117477
ou25,lgbd_xg,D1,close,2112,7,0.03005307724779579,4.5085472591929965e-08,0.21037127022173488,4.5085472591929965e-08,4.5085472591929965e-08,0.424581235468138,0.644952183739034,0.6446328100666772
ou25,lgbd_xg,D2,pre,2169,7,0.9892218062965673,0.952269112419298,0.9999999215811929,0.8593227564367036,0.0027233169597173463,0.9999999215811929,0.6697038579438965,0.6707881300336493
ou25,lgbd_xg,D2,close,2169,7,0.17634238616422543,4.5085472591929965e-08,0.5751121001896187,0.4520592647063128,4.5085472591929965e-08,0.9034718955843374,0.6696296144537252,0.6697487163117539
ou25,lgbd_xg,E0,pre,2676,7,0.29324803305963487,4.5085472591929965e-08,0.8348726644533024,4.5085472591929965e-08,4.5085472591929965e-08,0.42089966140839574,0.6772231597003017,0.6771783979303241
ou25,lgbd_xg,E0,close,2676,7,0.324992880233034,0.019690848321082043,0.617836435703172,0.020450967544724526,4.5085472591929965e-08,0.4381564521167456,0.6770216262140757,0.6759879769023155
ou25,lgbd_xg,E1,pre,3911,7,0.2195821171861215,4.5085472591929965e-08,0.8158818728875887,0.8614732564614952,4.5085472591929965e-08,0.9999999215811929,0.6827050108375802,0.6827594391867969
ou25,lgbd_xg,E1,close,3911,7,0.2534556943457134,4.5085472591929965e-08,0.5840371468175507,0.33985224087007865,4.5085472591929965e-08,0.7470619134914845,0.6822655224263744,0.6820257694299647
ou25,lgbd_xg,E2,pre,3752,7,0.09404026997433941,4.5085472591929965e-08,0.32937597988241074,0.9999999215811929,4.5085472591929965e-08,0.9999999215811929,0.686840889302271,0.6870939277649639
ou25,lgbd_xg,E2,close,3752,7,0.3288368549951985,0.2886758636097506,0.36793507942061887,0.3349623612721541,0.017832599885561715,0.6732604256528,0.684910951759761,0.6853585522057947
ou25,lgbd_xg,E3,pre,3807,7,0.8571427963675184,4.5085472591929965e-08,0.9999999215811929,0.904875202799411,4.5085472591929965e-08,0.9999999215811929,0.6851388657723771,0.6849407689260123
ou25,lgbd_xg,E3,close,3807,7,4.508547259192996e-08,4.5085472591929965e-08,4.5085472591929965e-08,4.5085472591929965e-08,4.5085472591929965e-08,0.3473826168974505,0.6799663028213745,0.6799663027971056
ou25,lgbd_xg,F1,pre,2353,6,0.41230938810056234,4.5085472591929965e-08,0.8920447552333624,0.4610580600616054,4.5085472591929965e-08,0.9999999215811929,0.67702051560212,0.677100798245254
ou25,lgbd_xg,F1,close,2353,6,4.5085472591929965e-08,4.5085472591929965e-08,4.5085472591929965e-08,4.5085472591929965e-08,4.5085472591929965e-08,0.04590341143535777,0.6726136685382395,0.6726136684714441
ou25,lgbd_xg,F2,pre,2423,6,0.9064151109812796,0.5918114517024163,0.9999999215811929,0.2000176105213263,4.5085472591929965e-08,0.9999999215811929,0.680240253048255,0.6799574104384902
ou25,lgbd_xg,F2,close,2423,6,4.5085472591929965e-08,4.5085472591929965e-08,4.5085472591929965e-08,4.5085472591929965e-08,4.5085472591929965e-08,0.2459034403787198,0.6760320269386546,0.6760320268941813
ou25,lgbd_xg,G1,pre,1634,6,0.8573282819812041,0.3217253105068646,0.9999999215811929,0.05755713646640023,4.5085472591929965e-08,0.9309184637591998,0.693551110494382,0.6929806651791494
ou25,lgbd_xg,G1,close,1634,6,0.09226894689223593,4.5085472591929965e-08,0.1837504789057792,4.5085472591929965e-08,4.5085472591929965e-08,0.26222556483768733,0.6770743598973273,0.6766006660032999
ou25,lgbd_xg,I1,pre,2684,7,0.37407082354975635,4.5085472591929965e-08,0.9999999215811929,0.834490950103592,4.5085472591929965e-08,0.9999999215811929,0.6833489488446265,0.6832858106385277
ou25,lgbd_xg,I1,close,2684,7,0.1627155877967427,4.5085472591929965e-08,0.2714776761247648,0.22191043330666183,4.5085472591929965e-08,0.7513352675600622,0.6814289955800572,0.6813780044549813
ou25,lgbd_xg,I2,pre,2645,7,0.18360781560325054,4.5085472591929965e-08,0.5190818403618511,0.3411336183116422,4.5085472591929965e-08,0.9999999215811929,0.6895892205080907,0.6896248570363626
ou25,lgbd_xg,I2,close,2645,7,0.001466811344865078,4.5085472591929965e-08,0.010267408901219995,0.04348699361959319,4.5085472591929965e-08,0.2970502185809384,0.6852106215297042,0.6852151122434875
ou25,lgbd_xg,N1,pre,2103,6,0.14537506878568296,4.5085472591929965e-08,0.49948810352056483,0.1184304365335799,4.5085472591929965e-08,0.8423889025327783,0.659424964073524,0.6593654982584881
ou25,lgbd_xg,N1,close,2103,6,4.5085472591929965e-08,4.5085472591929965e-08,4.5085472591929965e-08,4.5085472591929965e-08,4.5085472591929965e-08,0.18998447417677905,0.6511581682806853,0.6511581681419031
ou25,lgbd_xg,P1,pre,2139,7,0.10520441252410359,4.5085472591929965e-08,0.28399500760966023,0.4450268007191533,4.5085472591929965e-08,0.9999999215811929,0.676017645676385,0.6761475033682617
ou25,lgbd_xg,P1,close,2139,7,0.1723797608523804,4.5085472591929965e-08,0.9999999215811929,4.5085472591929965e-08,4.5085472591929965e-08,0.33951147985719293,0.669848692236364,0.6680920532291579
ou25,lgbd_xg,SC0,pre,1563,6,0.32725767750724666,4.5085472591929965e-08,0.9999999215811929,0.9999999215811929,4.5085472591929965e-08,0.9999999215811929,0.6793741074948788,0.6798459863130428
ou25,lgbd_xg,SC0,close,1563,6,0.07233890078101475,4.5085472591929965e-08,0.2606715999388763,0.14848967397661597,4.5085472591929965e-08,0.5627196286616384,0.6758949733595719,0.6758248922103051
ou25,lgbd_xg,SP1,pre,2691,7,0.5821551889538706,4.5085472591929965e-08,0.9999999215811929,4.5085472591929965e-08,4.5085472591929965e-08,0.3596209824675582,0.6690125909853182,0.6689236994355814
ou25,lgbd_xg,SP1,close,2691,7,0.25076815329712554,4.5085472591929965e-08,0.48996100602255793,4.5085472591929965e-08,4.5085472591929965e-08,0.19166196277129754,0.6667256755810288,0.6663703521896995
ou25,lgbd_xg,SP2,pre,3220,7,0.16506412219967848,4.5085472591929965e-08,0.9999999215811929,0.9999999215811929,0.7894736464155797,0.9999999215811929,0.6724115450612329,0.6729389767936436
ou25,lgbd_xg,SP2,close,3220,7,0.10747559506934169,4.5085472591929965e-08,0.4271804837158361,0.11269211675011914,4.5085472591929965e-08,0.3515620199442878,0.6622617873061386,0.661962731035881
ou25,lgbd_xg,T1,pre,2433,7,0.17748591151519053,4.5085472591929965e-08,0.41524149357222223,0.8565672805244959,4.5085472591929965e-08,0.9999999215811929,0.6801120759370339,0.6800981228116036
ou25,lgbd_xg,T1,close,2433,7,0.06051523862467384,4.5085472591929965e-08,0.23380001339925666,4.5085472591929965e-08,4.5085472591929965e-08,0.050687374831164395,0.6701960792613404,0.6700913390283263
ou25,dc,B1,pre,2102,6,0.1532576319912089,0.06342947813159286,0.2368428990968836,0.21567947737735568,4.5085472591929965e-08,0.4788239243624034,0.6841434036543858,0.6842581768071264
ou25,dc,B1,close,2102,6,0.05612752207323809,4.5085472591929965e-08,0.17209237465401214,4.5085472591929965e-08,4.5085472591929965e-08,0.19451858489146384,0.6765539115129856,0.6761047939930482
ou25,dc,D1,pre,2112,7,0.04053194288281681,4.5085472591929965e-08,0.1081533916345296,0.05996612421291319,4.5085472591929965e-08,0.2273286806241104,0.6486426043768405,0.6484209386117477
ou25,dc,D1,close,2112,7,0.010307821196948888,4.5085472591929965e-08,0.028182341017022113,0.02508680609409131,4.5085472591929965e-08,0.20903375409805805,0.6446802694638478,0.6446328100666772
ou25,dc,D2,pre,2169,7,0.046651206741642075,4.5085472591929965e-08,0.32655817667865905,4.5085472591929965e-08,4.5085472591929965e-08,0.19215445382304075,0.673164120573949,0.6707881300336493
ou25,dc,D2,close,2169,7,0.038345745792018535,4.5085472591929965e-08,0.26841995003129426,4.5085472591929965e-08,4.5085472591929965e-08,0.16072354345686032,0.6715055044899962,0.6697487163117539
ou25,dc,E0,pre,2676,7,0.2559146282357632,0.10462589079831129,0.4433990630822161,0.17439950706003612,4.5085472591929965e-08,0.36292320566926767,0.6781465403802961,0.6771783979303241
ou25,dc,E0,close,2676,7,0.2740207823952168,0.13807613632153273,0.4587376151794336,0.17478583694704883,4.5085472591929965e-08,0.35012504710221876,0.6773838948520229,0.6759879769023155
ou25,dc,E1,pre,3911,7,0.03376800716839787,4.5085472591929965e-08,0.20995861082304043,0.007807669615715883,4.5085472591929965e-08,0.15842862016233802,0.6831587553532876,0.6827594391867969
ou25,dc,E1,close,3911,7,0.047084979529602645,4.5085472591929965e-08,0.20867392210060465,0.03056832071316037,4.5085472591929965e-08,0.2015628198780196,0.682379835264783,0.6820257694299647
ou25,dc,E2,pre,3752,7,0.008131766143435396,4.5085472591929965e-08,0.039068845588408216,4.5085472591929965e-08,4.5085472591929965e-08,0.1606683242883311,0.6871639703452074,0.6870939277649639
ou25,dc,E2,close,3752,7,0.02117079027386249,4.5085472591929965e-08,0.08754509417595328,4.5085472591929965e-08,4.5085472591929965e-08,0.07681913411585196,0.685460008580192,0.6853585522057947
ou25,dc,E3,pre,3807,7,0.00372361389222731,4.5085472591929965e-08,0.026065026732755618,0.047812012374494096,4.5085472591929965e-08,0.24352731303053135,0.6849157997015486,0.6849407689260123
ou25,dc,E3,close,3807,7,4.508547259192996e-08,4.5085472591929965e-08,4.5085472591929965e-08,4.5085472591929965e-08,4.5085472591929965e-08,0.08328579599967346,0.6799663029374889,0.6799663027971056
ou25,dc,F1,pre,2353,6,0.002095664085406836,4.5085472591929965e-08,0.009952329229143752,4.5085472591929965e-08,4.5085472591929965e-08,0.25453310744670854,0.6771040867698036,0.677100798245254
ou25,dc,F1,close,2353,6,4.5085472591929965e-08,4.5085472591929965e-08,4.5085472591929965e-08,4.5085472591929965e-08,4.5085472591929965e-08,0.1264665592789417,0.6726136684908104,0.6726136684714441
ou25,dc,F2,pre,2423,6,4.5085472591929965e-08,4.5085472591929965e-08,4.5085472591929965e-08,4.5085472591929965e-08,4.5085472591929965e-08,0.07178407386250003,0.6799574102864934,0.6799574104384902
ou25,dc,F2,close,2423,6,4.5085472591929965e-08,4.5085472591929965e-08,4.5085472591929965e-08,4.5085472591929965e-08,4.5085472591929965e-08,0.027535335778180826,0.6760320268891474,0.6760320268941813
ou25,dc,G1,pre,1634,6,0.10658137675805605,4.5085472591929965e-08,0.38077006863849255,0.3331191835810426,0.07679783919858357,0.602249980199599,0.6941336055400278,0.6929806651791494
ou25,dc,G1,close,1634,6,4.5085472591929965e-08,4.5085472591929965e-08,4.5085472591929965e-08,4.5085472591929965e-08,4.5085472591929965e-08,0.10213199643898607,0.6766006662756243,0.6766006660032999
ou25,dc,I1,pre,2684,7,4.508547259192996e-08,4.5085472591929965e-08,4.5085472591929965e-08,4.5085472591929965e-08,4.5085472591929965e-08,0.1368642754560169,0.68328581065592,0.6832858106385277
ou25,dc,I1,close,2684,7,0.004181387285385256,4.5085472591929965e-08,0.029269440484861242,4.5085472591929965e-08,4.5085472591929965e-08,0.14690522434127395,0.6813988466551479,0.6813780044549813
ou25,dc,I2,pre,2645,7,4.508547259192996e-08,4.5085472591929965e-08,4.5085472591929965e-08,4.5085472591929965e-08,4.5085472591929965e-08,0.09649088387745508,0.6896248571989124,0.6896248570363626
ou25,dc,I2,close,2645,7,4.508547259192996e-08,4.5085472591929965e-08,4.5085472591929965e-08,4.5085472591929965e-08,4.5085472591929965e-08,4.5085472591929965e-08,0.6852151126858876,0.6852151122434875
ou25,dc,N1,pre,2103,6,0.09391693118339173,4.5085472591929965e-08,0.28166935909898955,0.2680713223074607,0.0026719134621904063,0.558252885678844,0.6583830237363835,0.6593654982584881
ou25,dc,N1,close,2103,6,0.02336215762594021,4.5085472591929965e-08,0.0934725543975196,0.029898102317573012,4.5085472591929965e-08,0.23203503979969836,0.6513259019576748,0.6511581681419031
ou25,dc,P1,pre,2139,7,0.11285191166267479,4.5085472591929965e-08,0.4062163468332476,0.08615998622307865,4.5085472591929965e-08,0.3371219292813873,0.6770123905747767,0.6761475033682617
ou25,dc,P1,close,2139,7,0.10233402914156786,4.5085472591929965e-08,0.5647536268760153,4.5085472591929965e-08,4.5085472591929965e-08,0.05755194117129496,0.6702286263907827,0.6680920532291579
ou25,dc,SC0,pre,1563,6,0.27662688889111114,0.03239433787329493,0.6061977140279123,0.3895135697506111,0.09488661839119383,0.6782308943284096,0.6815142447301947,0.6798459863130428
ou25,dc,SC0,close,1563,6,0.06696453892797855,4.5085472591929965e-08,0.3148967362025871,0.07213275726157102,4.5085472591929965e-08,0.45955163134484905,0.6773460692466079,0.6758248922103051
ou25,dc,SP1,pre,2691,7,4.508547259192996e-08,4.5085472591929965e-08,4.5085472591929965e-08,4.5085472591929965e-08,4.5085472591929965e-08,0.1989366461384755,0.668923699450906,0.6689236994355814
ou25,dc,SP1,close,2691,7,4.508547259192996e-08,4.5085472591929965e-08,4.5085472591929965e-08,4.5085472591929965e-08,4.5085472591929965e-08,0.1775848529035885,0.666370352211021,0.6663703521896995
ou25,dc,SP2,pre,3220,7,0.08106766410885194,4.5085472591929965e-08,0.43561622985271065,0.23395756134564988,0.02986400367080702,0.4283691022975521,0.6734142496145722,0.6729389767936436
ou25,dc,SP2,close,3220,7,0.06121959561533124,4.5085472591929965e-08,0.418749464313259,4.5085472591929965e-08,4.5085472591929965e-08,0.11581036273385109,0.6634081601630083,0.661962731035881
ou25,dc,T1,pre,2433,7,0.011508475042642434,4.5085472591929965e-08,0.08055905478566149,0.17559789933762676,4.5085472591929965e-08,0.4403708286384337,0.6797342956874154,0.6800981228116036
ou25,dc,T1,close,2433,7,4.508547259192996e-08,4.5085472591929965e-08,4.5085472591929965e-08,4.5085472591929965e-08,4.5085472591929965e-08,0.12391867224521969,0.6700913391905242,0.6700913390283263
