canonical_id,canonical_name,football_data,understat,betfair
aek,AEK,AEK,,
afc_wimbledon,AFC Wimbledon,AFC Wimbledon,,
avs,AVS,AVS,,
az_alkmaar,AZ Alkmaar,AZ Alkmaar,,
aalen,Aalen,Aalen,,
aberdeen,Aberdeen,Aberdeen,,
academica,Academica,Academica,,
academico_viseu,Academico Viseu,Academico Viseu,,
accrington,Accrington,Accrington,,
ad_demirspor,Ad. Demirspor,Ad. Demirspor,,
adanaspor,Adanaspor,Adanaspor,,
ajaccio,Ajaccio,Ajaccio,Ajaccio,
ajaccio_gfco,Ajaccio GFCO,Ajaccio GFCO,GFC Ajaccio,
ajax,Ajax,Ajax,,
akhisar_belediyespor,Akhisar Belediyespor,Akhisar Belediyespor,,
alanyaspor,Alanyaspor,Alanyaspor,,
alaves,Alaves,Alaves,Alaves,
albacete,Albacete,Albacete,,
alcorcon,Alcorcon,Alcorcon,,
aldershot,Aldershot,Aldershot,,
alessandria,Alessandria,Alessandria,,
almere_city,Almere City,Almere City,,
almeria,Almeria,Almeria,Almeria,
altay,Altay,Altay,,
alverca,Alverca,Alverca,,
amedspor,Amedspor,Amedspor,,
amiens,Amiens,Amiens,Amiens,
amorebieta,Amorebieta,Amorebieta,,
anderlecht,Anderlecht,Anderlecht,,
andorra,Andorra,Andorra,,
angers,Angers,Angers,Angers,
ankaragucu,Ankaragucu,Ankaragucu,,
annecy,Annecy,Annecy,,
antalyaspor,Antalyaspor,Antalyaspor,,
antwerp,Antwerp,Antwerp,,
apollon,Apollon,Apollon,,
arezzo,Arezzo,Arezzo,,
aris,Aris,Aris,,
arles,Arles,Arles,,
arouca,Arouca,Arouca,,
arsenal,Arsenal,Arsenal,Arsenal,
ascoli,Ascoli,Ascoli,,
asteras_tripolis,Asteras Tripolis,Asteras Tripolis,,
aston_villa,Aston Villa,Aston Villa,Aston Villa,
atalanta,Atalanta,Atalanta,Atalanta,
ath_bilbao,Ath Bilbao,Ath Bilbao,Athletic Club,
ath_bilbao_b,Ath Bilbao B,Ath Bilbao B,,
ath_madrid,Ath Madrid,Ath Madrid,Atletico Madrid,
athens_kallithea,Athens Kallithea,Athens Kallithea,,
atromitos,Atromitos,Atromitos,,
augsburg,Augsburg,Augsburg,Augsburg,
auxerre,Auxerre,Auxerre,Auxerre,
avellino,Avellino,Avellino,,
aves,Aves,Aves,,
balikesirspor,Balikesirspor,Balikesirspor,,
barcelona,Barcelona,Barcelona,Barcelona,
barcelona_b,Barcelona B,Barcelona B,,
bari,Bari,Bari,,
barnet,Barnet,Barnet,,
barnsley,Barnsley,Barnsley,,
barrow,Barrow,Barrow,,
bastia,Bastia,Bastia,SC Bastia,
bayern_munich,Bayern Munich,Bayern Munich,Bayern Munich,
beerschot_va,Beerschot VA,Beerschot VA,,
beira_mar,Beira Mar,Beira Mar,,
belenenses,Belenenses,Belenenses,,
benevento,Benevento,Benevento,Benevento,
benfica,Benfica,Benfica,,
bergen,Bergen,Bergen,,
besiktas,Besiktas,Besiktas,,
betis,Betis,Betis,Real Betis,
beveren,Beveren,Beveren,,
beziers,Beziers,Beziers,,
bielefeld,Bielefeld,Bielefeld,Arminia Bielefeld,
birmingham,Birmingham,Birmingham,,
blackburn,Blackburn,Blackburn,,
blackpool,Blackpool,Blackpool,,
boavista,Boavista,Boavista,,
bochum,Bochum,Bochum,Bochum,
bodrumspor,Bodrumspor,Bodrumspor,,
bologna,Bologna,Bologna,Bologna,
bolton,Bolton,Bolton,,
bordeaux,Bordeaux,Bordeaux,Bordeaux,
boulogne,Boulogne,Boulogne,,
bourg_peronnas,Bourg Peronnas,Bourg Peronnas,,
bournemouth,Bournemouth,Bournemouth,Bournemouth,
bradford,Bradford,Bradford,,
braunschweig,Braunschweig,Braunschweig,,
brentford,Brentford,Brentford,Brentford,
brescia,Brescia,Brescia,Brescia,
brest,Brest,Brest,Brest,
brighton,Brighton,Brighton,Brighton,
bristol_city,Bristol City,Bristol City,,
bristol_rvs,Bristol Rvs,Bristol Rvs,,
bromley,Bromley,Bromley,,
burgos,Burgos,Burgos,,
burnley,Burnley,Burnley,Burnley,
bursaspor,Bursaspor,Bursaspor,,
burton,Burton,Burton,,
bury,Bury,Bury,,
buyuksehyr,Buyuksehyr,Buyuksehyr,,
ca_bastia,CA Bastia,CA Bastia,,
cadiz,Cadiz,Cadiz,Cadiz,
caen,Caen,Caen,Caen,
cagliari,Cagliari,Cagliari,Cagliari,
cambridge,Cambridge,Cambridge,,
cambuur,Cambuur,Cambuur,,
cardiff,Cardiff,Cardiff,Cardiff,
carlisle,Carlisle,Carlisle,,
carpi,Carpi,Carpi,Carpi,
carrarese,Carrarese,Carrarese,,
cartagena,Cartagena,Cartagena,,
casa_pia,Casa Pia,Casa Pia,,
castellon,Castellon,Castellon,,
catania,Catania,Catania,,
catanzaro,Catanzaro,Catanzaro,,
celta,Celta,Celta,Celta Vigo,
celta_b,Celta B,Celta B,,
celtic,Celtic,Celtic,,
cercle_brugge,Cercle Brugge,Cercle Brugge,,
cesena,Cesena,Cesena,Cesena,
ceuta,Ceuta,Ceuta,,
chambly,Chambly,Chambly,,
charleroi,Charleroi,Charleroi,,
charlton,Charlton,Charlton,,
chateauroux,Chateauroux,Chateauroux,,
chaves,Chaves,Chaves,,
chelsea,Chelsea,Chelsea,Chelsea,
cheltenham,Cheltenham,Cheltenham,,
chesterfield,Chesterfield,Chesterfield,,
chievo,Chievo,Chievo,Chievo,
cittadella,Cittadella,Cittadella,,
clermont,Clermont,Clermont,Clermont Foot,
club_brugge,Club Brugge,Club Brugge,,
colchester,Colchester,Colchester,,
como,Como,Como,Como,
concarneau,Concarneau,Concarneau,,
cordoba,Cordoba,Cordoba,Cordoba,
corum,Corum,Corum,,
cosenza,Cosenza,Cosenza,,
cottbus,Cottbus,Cottbus,,
coventry,Coventry,Coventry,Coventry,
crawley_town,Crawley Town,Crawley Town,,
cremonese,Cremonese,Cremonese,Cremonese,
creteil,Creteil,Creteil,,
crewe,Crewe,Crewe,,
crotone,Crotone,Crotone,Crotone,
crystal_palace,Crystal Palace,Crystal Palace,Crystal Palace,
cultural_leonesa,Cultural Leonesa,Cultural Leonesa,,
dag_and_red,Dag and Red,Dag and Red,,
darmstadt,Darmstadt,Darmstadt,Darmstadt,
den_haag,Den Haag,Den Haag,,
dender,Dender,Dender,,
denizlispor,Denizlispor,Denizlispor,,
derby,Derby,Derby,,
dijon,Dijon,Dijon,Dijon,
doncaster,Doncaster,Doncaster,,
dordrecht,Dordrecht,Dordrecht,,
dortmund,Dortmund,Dortmund,Borussia Dortmund,
dresden,Dresden,Dresden,,
duisburg,Duisburg,Duisburg,,
dundee,Dundee,Dundee,,
dundee_united,Dundee United,Dundee United,,
dunkerque,Dunkerque,Dunkerque,,
eibar,Eibar,Eibar,Eibar,
ein_frankfurt,Ein Frankfurt,Ein Frankfurt,Eintracht Frankfurt,
elazigspor,Elazigspor,Elazigspor,,
elche,Elche,Elche,Elche,
eldense,Eldense,Eldense,,
elversberg,Elversberg,Elversberg,Elversberg,
empoli,Empoli,Empoli,Empoli,
erciyesspor,Erciyesspor,Erciyesspor,,
ergotelis,Ergotelis,Ergotelis,,
erzgebirge_aue,Erzgebirge Aue,Erzgebirge Aue,,
erzurum_bb,Erzurum BB,Erzurum BB,,
erzurumspor,Erzurumspor,Erzurumspor,,
eskisehirspor,Eskisehirspor,Eskisehirspor,,
espanol,Espanol,Espanol,Espanyol,
estoril,Estoril,Estoril,,
estrela,Estrela,Estrela,,
eupen,Eupen,Eupen,,
everton,Everton,Everton,Everton,
evian_thonon_gaillard,Evian Thonon Gaillard,Evian Thonon Gaillard,Evian Thonon Gaillard,
excelsior,Excelsior,Excelsior,,
exeter,Exeter,Exeter,,
extremadura_ud,Extremadura UD,Extremadura UD,,
eyupspor,Eyupspor,Eyupspor,,
fc_emmen,FC Emmen,FC Emmen,,
fc_koln,FC Koln,FC Koln,FC Cologne,
falkirk,Falkirk,Falkirk,,
famalicao,Famalicao,Famalicao,,
farense,Farense,Farense,,
feirense,Feirense,Feirense,,
fenerbahce,Fenerbahce,Fenerbahce,,
feralpisalo,FeralpiSalo,FeralpiSalo,,
ferrol,Ferrol,Ferrol,,
feyenoord,Feyenoord,Feyenoord,,
fiorentina,Fiorentina,Fiorentina,Fiorentina,
fleetwood_town,Fleetwood Town,Fleetwood Town,,
foggia,Foggia,Foggia,,
for_sittard,For Sittard,For Sittard,,
forest_green,Forest Green,Forest Green,,
fortuna_dusseldorf,Fortuna Dusseldorf,Fortuna Dusseldorf,Fortuna Duesseldorf,
frankfurt_fsv,Frankfurt FSV,Frankfurt FSV,,
freiburg,Freiburg,Freiburg,Freiburg,
frosinone,Frosinone,Frosinone,Frosinone,
fuenlabrada,Fuenlabrada,Fuenlabrada,,
fulham,Fulham,Fulham,Fulham,
galatasaray,Galatasaray,Galatasaray,,
gaziantep,Gaziantep,Gaziantep,,
gaziantepspor,Gaziantepspor,Gaziantepspor,,
genclerbirligi,Genclerbirligi,Genclerbirligi,,
genk,Genk,Genk,,
genoa,Genoa,Genoa,Genoa,
gent,Gent,Gent,,
germinal,Germinal,Germinal,,
getafe,Getafe,Getafe,Getafe,
giannina,Giannina,Giannina,,
gil_vicente,Gil Vicente,Gil Vicente,,
gillingham,Gillingham,Gillingham,,
gimnastic,Gimnastic,Gimnastic,,
giresunspor,Giresunspor,Giresunspor,,
girona,Girona,Girona,Girona,
go_ahead_eagles,Go Ahead Eagles,Go Ahead Eagles,,
goztep,Goztep,Goztep,,
graafschap,Graafschap,Graafschap,,
granada,Granada,Granada,Granada,
grenoble,Grenoble,Grenoble,,
greuther_furth,Greuther Furth,Greuther Furth,Greuther Fuerth,
grimsby,Grimsby,Grimsby,,
groningen,Groningen,Groningen,,
grosseto,Grosseto,Grosseto,,
guadalajara,Guadalajara,Guadalajara,,
guimaraes,Guimaraes,Guimaraes,,
guingamp,Guingamp,Guingamp,Guingamp,
hamburg,Hamburg,Hamburg,Hamburger SV,
hamilton,Hamilton,Hamilton,,
hannover,Hannover,Hannover,Hannover 96,
hansa_rostock,Hansa Rostock,Hansa Rostock,,
harrogate,Harrogate,Harrogate,,
hartlepool,Hartlepool,Hartlepool,,
hatayspor,Hatayspor,Hatayspor,,
hearts,Hearts,Hearts,,
heerenveen,Heerenveen,Heerenveen,,
heidenheim,Heidenheim,Heidenheim,FC Heidenheim,
heracles,Heracles,Heracles,,
hercules,Hercules,Hercules,,
hertha,Hertha,Hertha,Hertha Berlin,
hibernian,Hibernian,Hibernian,,
hoffenheim,Hoffenheim,Hoffenheim,Hoffenheim,
holstein_kiel,Holstein Kiel,Holstein Kiel,Holstein Kiel,
huddersfield,Huddersfield,Huddersfield,Huddersfield,
huesca,Huesca,Huesca,SD Huesca,
hull,Hull,Hull,Hull,
ibiza,Ibiza,Ibiza,,
ingolstadt,Ingolstadt,Ingolstadt,Ingolstadt,
inter,Inter,Inter,Inter,
inverness_c,Inverness C,Inverness C,,
ionikos,Ionikos,Ionikos,,
ipswich,Ipswich,Ipswich,Ipswich,
iraklis,Iraklis,Iraklis,,
istanbulspor,Istanbulspor,Istanbulspor,,
istres,Istres,Istres,,
jaen,Jaen,Jaen,,
juve_stabia,Juve Stabia,Juve Stabia,,
juventus,Juventus,Juventus,Juventus,
kaiserslautern,Kaiserslautern,Kaiserslautern,,
kalamata,Kalamata,Kalamata,,
kallonis,Kallonis,Kallonis,,
karabukspor,Karabukspor,Karabukspor,,
karagumruk,Karagumruk,Karagumruk,,
karlsruhe,Karlsruhe,Karlsruhe,,
kasimpasa,Kasimpasa,Kasimpasa,,
kayserispor,Kayserispor,Kayserispor,,
kerkyra,Kerkyra,Kerkyra,,
kifisia,Kifisia,Kifisia,,
kilmarnock,Kilmarnock,Kilmarnock,,
kocaelispor,Kocaelispor,Kocaelispor,,
konyaspor,Konyaspor,Konyaspor,,
kortrijk,Kortrijk,Kortrijk,,
la_coruna,La Coruna,La Coruna,Deportivo La Coruna,
lamia,Lamia,Lamia,,
larisa,Larisa,Larisa,,
las_palmas,Las Palmas,Las Palmas,Las Palmas,
latina,Latina,Latina,,
laval,Laval,Laval,,
lazio,Lazio,Lazio,Lazio,
le_havre,Le Havre,Le Havre,Le Havre,
le_mans,Le Mans,Le Mans,Le Mans,
lecce,Lecce,Lecce,Lecce,
lecco,Lecco,Lecco,,
leeds,Leeds,Leeds,Leeds,
leganes,Leganes,Leganes,Leganes,
leicester,Leicester,Leicester,Leicester,
lens,Lens,Lens,Lens,
leonesa,Leonesa,Leonesa,,
levadeiakos,Levadeiakos,Levadeiakos,,
levante,Levante,Levante,Levante,
leverkusen,Leverkusen,Leverkusen,Bayer Leverkusen,
leyton_orient,Leyton Orient,Leyton Orient,,
lierse,Lierse,Lierse,,
lille,Lille,Lille,Lille,
lincoln,Lincoln,Lincoln,,
liverpool,Liverpool,Liverpool,Liverpool,
livingston,Livingston,Livingston,,
livorno,Livorno,Livorno,,
llagostera,Llagostera,Llagostera,,
logrones,Logrones,Logrones,,
lokeren,Lokeren,Lokeren,,
lommel_sk,Lommel SK,Lommel SK,,
lorca,Lorca,Lorca,,
lorient,Lorient,Lorient,Lorient,
lugo,Lugo,Lugo,,
luton,Luton,Luton,Luton,
lyon,Lyon,Lyon,Lyon,
m_gladbach,M'gladbach,M'gladbach,Borussia M.Gladbach,
macclesfield,Macclesfield,Macclesfield,,
magdeburg,Magdeburg,Magdeburg,,
mainz,Mainz,Mainz,Mainz 05,
malaga,Malaga,Malaga,Malaga,
mallorca,Mallorca,Mallorca,Mallorca,
man_city,Man City,Man City,Manchester City,
man_united,Man United,Man United,Manchester United,
mansfield,Mansfield,Mansfield,,
mantova,Mantova,Mantova,,
maritimo,Maritimo,Maritimo,,
marseille,Marseille,Marseille,Marseille,
martigues,Martigues,Martigues,,
mechelen,Mechelen,Mechelen,,
mersin_idman_yurdu,Mersin Idman Yurdu,Mersin Idman Yurdu,,
metz,Metz,Metz,Metz,
middlesbrough,Middlesbrough,Middlesbrough,Middlesbrough,
milan,Milan,Milan,AC Milan,
millwall,Millwall,Millwall,,
milton_keynes_dons,Milton Keynes Dons,Milton Keynes Dons,,
mirandes,Mirandes,Mirandes,,
modena,Modena,Modena,,
monaco,Monaco,Monaco,Monaco,
montpellier,Montpellier,Montpellier,Montpellier,
monza,Monza,Monza,Monza,
morecambe,Morecambe,Morecambe,,
moreirense,Moreirense,Moreirense,,
motherwell,Motherwell,Motherwell,,
mouscron,Mouscron,Mouscron,,
mouscron_peruwelz,Mouscron-Peruwelz,Mouscron-Peruwelz,,
munich_1860,Munich 1860,Munich 1860,,
murcia,Murcia,Murcia,,
nac_breda,NAC Breda,NAC Breda,,
nacional,Nacional,Nacional,,
nancy,Nancy,Nancy,Nancy,
nantes,Nantes,Nantes,Nantes,
napoli,Napoli,Napoli,Napoli,
newcastle,Newcastle,Newcastle,Newcastle United,
newport_county,Newport County,Newport County,,
nice,Nice,Nice,Nice,
nijmegen,Nijmegen,Nijmegen,,
niki_volos,Niki Volos,Niki Volos,,
nimes,Nimes,Nimes,Nimes,
niort,Niort,Niort,,
northampton,Northampton,Northampton,,
norwich,Norwich,Norwich,Norwich,
nott_m_forest,Nott'm Forest,Nott'm Forest,Nottingham Forest,
notts_county,Notts County,Notts County,,
novara,Novara,Novara,,
numancia,Numancia,Numancia,,
nurnberg,Nurnberg,Nurnberg,Nuernberg,
ofi,OFI,OFI,,
ofi_crete,OFI Crete,OFI Crete,,
oldham,Oldham,Oldham,,
olhanense,Olhanense,Olhanense,,
olympiakos,Olympiakos,Olympiakos,,
oostende,Oostende,Oostende,,
orduspor,Orduspor,Orduspor,,
orleans,Orleans,Orleans,,
osasuna,Osasuna,Osasuna,Osasuna,
osmanlispor,Osmanlispor,Osmanlispor,,
osnabruck,Osnabruck,Osnabruck,,
oud_heverlee_leuven,Oud-Heverlee Leuven,Oud-Heverlee Leuven,,
oviedo,Oviedo,Oviedo,Real Oviedo,
oxford,Oxford,Oxford,,
paok,PAOK,PAOK,,
psv_eindhoven,PSV Eindhoven,PSV Eindhoven,,
pacos_ferreira,Pacos Ferreira,Pacos Ferreira,,
paderborn,Paderborn,Paderborn,Paderborn,
padova,Padova,Padova,,
palermo,Palermo,Palermo,Palermo,
panathinaikos,Panathinaikos,Panathinaikos,,
panetolikos,Panetolikos,Panetolikos,,
panionios,Panionios,Panionios,,
panserraikos,Panserraikos,Panserraikos,,
panthrakikos,Panthrakikos,Panthrakikos,,
paris_fc,Paris FC,Paris FC,Paris FC,
paris_sg,Paris SG,Paris SG,Paris Saint Germain,
parma,Parma,Parma,Parma|Parma Calcio 1913,
partick,Partick,Partick,,
pau_fc,Pau FC,Pau FC,,
penafiel,Penafiel,Penafiel,,
pendikspor,Pendikspor,Pendikspor,,
perugia,Perugia,Perugia,,
pescara,Pescara,Pescara,Pescara,
peterboro,Peterboro,Peterboro,,
pisa,Pisa,Pisa,Pisa,
platanias,Platanias,Platanias,,
plymouth,Plymouth,Plymouth,,
ponferradina,Ponferradina,Ponferradina,,
pordenone,Pordenone,Pordenone,,
port_vale,Port Vale,Port Vale,,
portimonense,Portimonense,Portimonense,,
porto,Porto,Porto,,
portsmouth,Portsmouth,Portsmouth,,
preston,Preston,Preston,,
preuen_munster,Preußen Münster,Preußen Münster,,
pro_vercelli,Pro Vercelli,Pro Vercelli,,
qpr,QPR,QPR,Queens Park Rangers,
quevilly_rouen,Quevilly Rouen,Quevilly Rouen,,
raal_la_louviere,RAAL La Louviere,RAAL La Louviere,,
rb_leipzig,RB Leipzig,RB Leipzig,RasenBallsport Leipzig,
rwd_molenbeek,RWD Molenbeek,RWD Molenbeek,,
rangers,Rangers,Rangers,,
rayo_majadahonda,Rayo Majadahonda,Rayo Majadahonda,,
reading,Reading,Reading,,
real_madrid,Real Madrid,Real Madrid,Real Madrid,
real_madrid_b,Real Madrid B,Real Madrid B,,
recreativo,Recreativo,Recreativo,,
red_star,Red Star,Red Star,,
regensburg,Regensburg,Regensburg,,
reggiana,Reggiana,Reggiana,,
reggina,Reggina,Reggina,,
reims,Reims,Reims,Reims,
rennes,Rennes,Rennes,Rennes,
reus_deportiu,Reus Deportiu,Reus Deportiu,,
rio_ave,Rio Ave,Rio Ave,,
rizespor,Rizespor,Rizespor,,
rochdale,Rochdale,Rochdale,,
roda,Roda,Roda,,
rodez,Rodez,Rodez,,
roma,Roma,Roma,Roma,
ross_county,Ross County,Ross County,,
rotherham,Rotherham,Rotherham,,
sabadell,Sabadell,Sabadell,,
salernitana,Salernitana,Salernitana,Salernitana,
salford,Salford,Salford,,
sampdoria,Sampdoria,Sampdoria,Sampdoria,
samsunspor,Samsunspor,Samsunspor,,
sandhausen,Sandhausen,Sandhausen,,
santa_clara,Santa Clara,Santa Clara,,
santander,Santander,Santander,Racing Santander,
sassuolo,Sassuolo,Sassuolo,Sassuolo,
schalke_04,Schalke 04,Schalke 04,Schalke 04,
scunthorpe,Scunthorpe,Scunthorpe,,
sedan,Sedan,Sedan,,
seraing,Seraing,Seraing,,
setubal,Setubal,Setubal,,
sevilla,Sevilla,Sevilla,Sevilla,
sevilla_b,Sevilla B,Sevilla B,,
sheffield_united,Sheffield United,Sheffield United,Sheffield United,
sheffield_weds,Sheffield Weds,Sheffield Weds,,
shrewsbury,Shrewsbury,Shrewsbury,,
siena,Siena,Siena,,
sivasspor,Sivasspor,Sivasspor,,
sochaux,Sochaux,Sochaux,,
sociedad,Sociedad,Sociedad,Real Sociedad,
sociedad_b,Sociedad B,Sociedad B,,
southampton,Southampton,Southampton,Southampton,
southend,Southend,Southend,,
sp_braga,Sp Braga,Sp Braga,,
sp_gijon,Sp Gijon,Sp Gijon,Sporting Gijon,
sp_lisbon,Sp Lisbon,Sp Lisbon,,
spal,Spal,Spal,SPAL 2013,
sparta_rotterdam,Sparta Rotterdam,Sparta Rotterdam,,
spezia,Spezia,Spezia,Spezia,
st_etienne,St Etienne,St Etienne,Saint-Etienne,
st_johnstone,St Johnstone,St Johnstone,,
st_mirren,St Mirren,St Mirren,,
st_pauli,St Pauli,St Pauli,St. Pauli,
st_truiden,St Truiden,St Truiden,,
st_gilloise,St. Gilloise,St. Gilloise,,
standard,Standard,Standard,,
stevenage,Stevenage,Stevenage,,
stockport,Stockport,Stockport,,
stoke,Stoke,Stoke,Stoke,
strasbourg,Strasbourg,Strasbourg,Strasbourg,
stuttgart,Stuttgart,Stuttgart,VfB Stuttgart,
sudtirol,Sudtirol,Sudtirol,,
sunderland,Sunderland,Sunderland,Sunderland,
sutton,Sutton,Sutton,,
swansea,Swansea,Swansea,Swansea,
swindon,Swindon,Swindon,,
telstar,Telstar,Telstar,,
tenerife,Tenerife,Tenerife,,
ternana,Ternana,Ternana,,
tondela,Tondela,Tondela,,
torino,Torino,Torino,Torino,
torquay,Torquay,Torquay,,
tottenham,Tottenham,Tottenham,Tottenham,
toulouse,Toulouse,Toulouse,Toulouse,
tours,Tours,Tours,,
trabzonspor,Trabzonspor,Trabzonspor,,
tranmere,Tranmere,Tranmere,,
trapani,Trapani,Trapani,,
troyes,Troyes,Troyes,Troyes,
twente,Twente,Twente,,
ucam_murcia,UCAM Murcia,UCAM Murcia,,
udinese,Udinese,Udinese,Udinese,
ulm,Ulm,Ulm,,
umraniyespor,Umraniyespor,Umraniyespor,,
uniao_madeira,Uniao Madeira,Uniao Madeira,,
union_berlin,Union Berlin,Union Berlin,Union Berlin,
utrecht,Utrecht,Utrecht,,
vvv_venlo,VVV Venlo,VVV Venlo,,
valencia,Valencia,Valencia,Valencia,
valenciennes,Valenciennes,Valenciennes,,
valladolid,Valladolid,Valladolid,Real Valladolid,
vallecano,Vallecano,Vallecano,Rayo Vallecano,
varese,Varese,Varese,,
venezia,Venezia,Venezia,Venezia,
veria,Veria,Veria,,
verona,Verona,Verona,Verona,
vicenza,Vicenza,Vicenza,,
villarreal,Villarreal,Villarreal,Villarreal,
villarreal_b,Villarreal B,Villarreal B,,
virtus_entella,Virtus Entella,Virtus Entella,,
virtus_lanciano,Virtus Lanciano,Virtus Lanciano,,
vitesse,Vitesse,Vitesse,,
vizela,Vizela,Vizela,,
volendam,Volendam,Volendam,,
volos_nfc,Volos NFC,Volos NFC,,
waalwijk,Waalwijk,Waalwijk,,
waasland_beveren,Waasland-Beveren,Waasland-Beveren,,
walsall,Walsall,Walsall,,
waregem,Waregem,Waregem,,
watford,Watford,Watford,Watford,
wehen,Wehen,Wehen,,
werder_bremen,Werder Bremen,Werder Bremen,Werder Bremen,
west_brom,West Brom,West Brom,West Bromwich Albion,
west_ham,West Ham,West Ham,West Ham,
westerlo,Westerlo,Westerlo,,
wigan,Wigan,Wigan,,
willem_ii,Willem II,Willem II,,
wolfsburg,Wolfsburg,Wolfsburg,Wolfsburg,
wolves,Wolves,Wolves,Wolverhampton Wanderers,
wrexham,Wrexham,Wrexham,,
wurzburger_kickers,Wurzburger Kickers,Wurzburger Kickers,,
wycombe,Wycombe,Wycombe,,
xanthi,Xanthi,Xanthi,,
xerez,Xerez,Xerez,,
yeni_malatyaspor,Yeni Malatyaspor,Yeni Malatyaspor,,
yeovil,Yeovil,Yeovil,,
york,York,York,,
zaragoza,Zaragoza,Zaragoza,,
zwolle,Zwolle,Zwolle,,
